participant_idea_ID,ResponseId,trial,object,use
R_3EBoUb0QOmaqLRT_pass_frisbee_1,R_3EBoUb0QOmaqLRT,pass_frisbee_1,frisbee,Snack plate
R_3EBoUb0QOmaqLRT_pass_frisbee_2,R_3EBoUb0QOmaqLRT,pass_frisbee_2,frisbee,Makeshift fan
R_3EBoUb0QOmaqLRT_pass_frisbee_3,R_3EBoUb0QOmaqLRT,pass_frisbee_3,frisbee,DIY Clock
R_3EBoUb0QOmaqLRT_pass_frisbee_4,R_3EBoUb0QOmaqLRT,pass_frisbee_4,frisbee,Makeshift sled
R_3EBoUb0QOmaqLRT_pass_frisbee_5,R_3EBoUb0QOmaqLRT,pass_frisbee_5,frisbee,floating toy in a pool or bathtub
R_3EBoUb0QOmaqLRT_pass_brick_1,R_3EBoUb0QOmaqLRT,pass_brick_1,brick,Craft a brick bookend or paperweight
R_3EBoUb0QOmaqLRT_pass_brick_2,R_3EBoUb0QOmaqLRT,pass_brick_2,brick,Designing a brick sculpture or artistic installation
R_3EBoUb0QOmaqLRT_pass_brick_3,R_3EBoUb0QOmaqLRT,pass_brick_3,brick,Building a brick barbecue grill
R_3EBoUb0QOmaqLRT_pass_brick_4,R_3EBoUb0QOmaqLRT,pass_brick_4,brick,Making a decorative brick wall art piece
R_3EBoUb0QOmaqLRT_pass_brick_5,R_3EBoUb0QOmaqLRT,pass_brick_5,brick,Stand for items
R_3EBoUb0QOmaqLRT_pass_bubble_1,R_3EBoUb0QOmaqLRT,pass_bubble_1,bubblewrap,Insulation
R_3EBoUb0QOmaqLRT_pass_bubble_2,R_3EBoUb0QOmaqLRT,pass_bubble_2,bubblewrap,Using for arts to create unique textures
R_3EBoUb0QOmaqLRT_pass_bubble_3,R_3EBoUb0QOmaqLRT,pass_bubble_3,bubblewrap,Gardening: Line plant pots with bubble wrap to help retain moisture
R_3EBoUb0QOmaqLRT_pass_bubble_4,R_3EBoUb0QOmaqLRT,pass_bubble_4,bubblewrap,Backing material for keyboard
R_3EBoUb0QOmaqLRT_pass_bubble_5,R_3EBoUb0QOmaqLRT,pass_bubble_5,bubblewrap,a DIY percussion instrument by wrapping bubble wrap around a box or container to make a unique sound
R_18ED2sNA80e2F8J_pilot_frisbee_1,R_18ED2sNA80e2F8J,pilot_frisbee_1,frisbee,use it as a tray
R_18ED2sNA80e2F8J_pilot_frisbee_2,R_18ED2sNA80e2F8J,pilot_frisbee_2,frisbee,home decor
R_18ED2sNA80e2F8J_pilot_frisbee_3,R_18ED2sNA80e2F8J,pilot_frisbee_3,frisbee,fly swatter
R_18ED2sNA80e2F8J_pilot_frisbee_4,R_18ED2sNA80e2F8J,pilot_frisbee_4,frisbee,as a fan
R_18ED2sNA80e2F8J_pilot_frisbee_5,R_18ED2sNA80e2F8J,pilot_frisbee_5,frisbee,as a lid
R_18ED2sNA80e2F8J_pilot_brick_1,R_18ED2sNA80e2F8J,pilot_brick_1,brick,use it as a stopper
R_18ED2sNA80e2F8J_pilot_brick_2,R_18ED2sNA80e2F8J,pilot_brick_2,brick,make a table
R_18ED2sNA80e2F8J_pilot_brick_3,R_18ED2sNA80e2F8J,pilot_brick_3,brick,make a stove
R_18ED2sNA80e2F8J_pilot_brick_4,R_18ED2sNA80e2F8J,pilot_brick_4,brick,make decorative wall
R_18ED2sNA80e2F8J_pilot_brick_5,R_18ED2sNA80e2F8J,pilot_brick_5,brick,make pathway
R_18ED2sNA80e2F8J_pilot_bubble_open_1,R_18ED2sNA80e2F8J,pilot_bubble_open_1,bubblewrap,to paint
R_18ED2sNA80e2F8J_pilot_bubble_open_2,R_18ED2sNA80e2F8J,pilot_bubble_open_2,bubblewrap,to insulate
R_18ED2sNA80e2F8J_pilot_bubble_open_3,R_18ED2sNA80e2F8J,pilot_bubble_open_3,bubblewrap,in cover up
R_18ED2sNA80e2F8J_pilot_bubble_open_4,R_18ED2sNA80e2F8J,pilot_bubble_open_4,bubblewrap,to protector
R_18ED2sNA80e2F8J_pilot_bubble_open_5,R_18ED2sNA80e2F8J,pilot_bubble_open_5,bubblewrap,as a separator
R_1dt5a6h1z1F7uCA_pilot_frisbee_1,R_1dt5a6h1z1F7uCA,pilot_frisbee_1,frisbee,cactus garden
R_1dt5a6h1z1F7uCA_pilot_frisbee_2,R_1dt5a6h1z1F7uCA,pilot_frisbee_2,frisbee,water dish for pets
R_1dt5a6h1z1F7uCA_pilot_frisbee_3,R_1dt5a6h1z1F7uCA,pilot_frisbee_3,frisbee,whimsical hat
R_1dt5a6h1z1F7uCA_pilot_frisbee_4,R_1dt5a6h1z1F7uCA,pilot_frisbee_4,frisbee,insect umbrella
R_1dt5a6h1z1F7uCA_pilot_frisbee_5,R_1dt5a6h1z1F7uCA,pilot_frisbee_5,frisbee,wall clock
R_1dt5a6h1z1F7uCA_pilot_brick_1,R_1dt5a6h1z1F7uCA,pilot_brick_1,brick,weight for sinking dead bodies
R_1dt5a6h1z1F7uCA_pilot_brick_2,R_1dt5a6h1z1F7uCA,pilot_brick_2,brick,garden border
R_1dt5a6h1z1F7uCA_pilot_brick_3,R_1dt5a6h1z1F7uCA,pilot_brick_3,brick,stepping stones
R_1dt5a6h1z1F7uCA_pilot_brick_4,R_1dt5a6h1z1F7uCA,pilot_brick_4,brick,press for cuban sandwiches
R_1dt5a6h1z1F7uCA_pilot_brick_5,R_1dt5a6h1z1F7uCA,pilot_brick_5,brick,diy BBQ pit
R_1dt5a6h1z1F7uCA_pilot_bubble_open_1,R_1dt5a6h1z1F7uCA,pilot_bubble_open_1,bubblewrap,weight loss body wrap
R_1dt5a6h1z1F7uCA_pilot_bubble_open_2,R_1dt5a6h1z1F7uCA,pilot_bubble_open_2,bubblewrap,stress reliever
R_1dt5a6h1z1F7uCA_pilot_bubble_open_3,R_1dt5a6h1z1F7uCA,pilot_bubble_open_3,bubblewrap,insulation
R_1dt5a6h1z1F7uCA_pilot_bubble_open_4,R_1dt5a6h1z1F7uCA,pilot_bubble_open_4,bubblewrap,cat scratching deterant for  things like sides of couches
R_1dt5a6h1z1F7uCA_pilot_bubble_open_5,R_1dt5a6h1z1F7uCA,pilot_bubble_open_5,bubblewrap,knee pad for gardening
R_5xAXRcsLw4skwNj_control_frisbee_1,R_5xAXRcsLw4skwNj,control_frisbee_1,frisbee,plate
R_5xAXRcsLw4skwNj_control_frisbee_2,R_5xAXRcsLw4skwNj,control_frisbee_2,frisbee,pet food bowl
R_5xAXRcsLw4skwNj_control_frisbee_3,R_5xAXRcsLw4skwNj,control_frisbee_3,frisbee,trinket dish
R_5xAXRcsLw4skwNj_control_frisbee_4,R_5xAXRcsLw4skwNj,control_frisbee_4,frisbee,hat
R_5xAXRcsLw4skwNj_control_frisbee_5,R_5xAXRcsLw4skwNj,control_frisbee_5,frisbee,wall decoration
R_5xAXRcsLw4skwNj_control_bubble_1,R_5xAXRcsLw4skwNj,control_bubble_1,bubblewrap,fidget toy
R_5xAXRcsLw4skwNj_control_bubble_2,R_5xAXRcsLw4skwNj,control_bubble_2,bubblewrap,blanket
R_5xAXRcsLw4skwNj_control_bubble_3,R_5xAXRcsLw4skwNj,control_bubble_3,bubblewrap,tarp
R_5xAXRcsLw4skwNj_control_bubble_4,R_5xAXRcsLw4skwNj,control_bubble_4,bubblewrap,floor mat
R_5xAXRcsLw4skwNj_control_bubble_5,R_5xAXRcsLw4skwNj,control_bubble_5,bubblewrap,pillow stuffing
R_5xAXRcsLw4skwNj_control_brick_1,R_5xAXRcsLw4skwNj,control_brick_1,brick,door stop
R_5xAXRcsLw4skwNj_control_brick_2,R_5xAXRcsLw4skwNj,control_brick_2,brick,tofu press
R_5xAXRcsLw4skwNj_control_brick_3,R_5xAXRcsLw4skwNj,control_brick_3,brick,excersize weight
R_5xAXRcsLw4skwNj_control_brick_4,R_5xAXRcsLw4skwNj,control_brick_4,brick,planter
R_5xAXRcsLw4skwNj_control_brick_5,R_5xAXRcsLw4skwNj,control_brick_5,brick,book end
R_7w47wtEbcHPQfPa_pass_frisbee_1,R_7w47wtEbcHPQfPa,pass_frisbee_1,frisbee,Portable cutting board
R_7w47wtEbcHPQfPa_pass_frisbee_2,R_7w47wtEbcHPQfPa,pass_frisbee_2,frisbee,Solar mirror
R_7w47wtEbcHPQfPa_pass_frisbee_3,R_7w47wtEbcHPQfPa,pass_frisbee_3,frisbee,pet water dish
R_7w47wtEbcHPQfPa_pass_frisbee_4,R_7w47wtEbcHPQfPa,pass_frisbee_4,frisbee,emergency shovel
R_7w47wtEbcHPQfPa_pass_frisbee_5,R_7w47wtEbcHPQfPa,pass_frisbee_5,frisbee,plant pot drip tray
R_7w47wtEbcHPQfPa_pass_brick_1,R_7w47wtEbcHPQfPa,pass_brick_1,brick,DIY phone amplifier
R_7w47wtEbcHPQfPa_pass_brick_2,R_7w47wtEbcHPQfPa,pass_brick_2,brick,Hidden key holder
R_7w47wtEbcHPQfPa_pass_brick_3,R_7w47wtEbcHPQfPa,pass_brick_3,brick,Book Press
R_7w47wtEbcHPQfPa_pass_brick_4,R_7w47wtEbcHPQfPa,pass_brick_4,brick,Portable fitness tool
R_7w47wtEbcHPQfPa_pass_brick_5,R_7w47wtEbcHPQfPa,pass_brick_5,brick,Solar oven battery
R_7w47wtEbcHPQfPa_pass_bubble_1,R_7w47wtEbcHPQfPa,pass_bubble_1,bubblewrap,Soundproofing panels
R_7w47wtEbcHPQfPa_pass_bubble_2,R_7w47wtEbcHPQfPa,pass_bubble_2,bubblewrap,Hydroponics starter
R_7w47wtEbcHPQfPa_pass_bubble_3,R_7w47wtEbcHPQfPa,pass_bubble_3,bubblewrap,Textured art stamps
R_7w47wtEbcHPQfPa_pass_bubble_4,R_7w47wtEbcHPQfPa,pass_bubble_4,bubblewrap,Wearable Insulation fashion
R_7w47wtEbcHPQfPa_pass_bubble_5,R_7w47wtEbcHPQfPa,pass_bubble_5,bubblewrap,Emergency cold hot pack
R_5KU53SUL5HPNOXu_control_frisbee_1,R_5KU53SUL5HPNOXu,control_frisbee_1,frisbee,plate
R_5KU53SUL5HPNOXu_control_frisbee_2,R_5KU53SUL5HPNOXu,control_frisbee_2,frisbee,tray
R_5KU53SUL5HPNOXu_control_frisbee_3,R_5KU53SUL5HPNOXu,control_frisbee_3,frisbee,decor
R_5KU53SUL5HPNOXu_control_frisbee_4,R_5KU53SUL5HPNOXu,control_frisbee_4,frisbee,divider
R_5KU53SUL5HPNOXu_control_frisbee_5,R_5KU53SUL5HPNOXu,control_frisbee_5,frisbee,hat
R_5KU53SUL5HPNOXu_control_bubble_1,R_5KU53SUL5HPNOXu,control_bubble_1,bubblewrap,entertainment
R_5KU53SUL5HPNOXu_control_bubble_2,R_5KU53SUL5HPNOXu,control_bubble_2,bubblewrap,insulation
R_5KU53SUL5HPNOXu_control_bubble_3,R_5KU53SUL5HPNOXu,control_bubble_3,bubblewrap,cushion
R_5KU53SUL5HPNOXu_control_bubble_4,R_5KU53SUL5HPNOXu,control_bubble_4,bubblewrap,filler
R_5KU53SUL5HPNOXu_control_bubble_5,R_5KU53SUL5HPNOXu,control_bubble_5,bubblewrap,waterproofing
R_5KU53SUL5HPNOXu_control_brick_1,R_5KU53SUL5HPNOXu,control_brick_1,brick,paperweight
R_5KU53SUL5HPNOXu_control_brick_2,R_5KU53SUL5HPNOXu,control_brick_2,brick,step
R_5KU53SUL5HPNOXu_control_brick_3,R_5KU53SUL5HPNOXu,control_brick_3,brick,weapon
R_5KU53SUL5HPNOXu_control_brick_4,R_5KU53SUL5HPNOXu,control_brick_4,brick,doorstop
R_5KU53SUL5HPNOXu_control_brick_5,R_5KU53SUL5HPNOXu,control_brick_5,brick,decor
R_51GSxWAcWIk6B3Z_pilot_frisbee_1,R_51GSxWAcWIk6B3Z,pilot_frisbee_1,frisbee,plate
R_51GSxWAcWIk6B3Z_pilot_frisbee_2,R_51GSxWAcWIk6B3Z,pilot_frisbee_2,frisbee,wall decor
R_51GSxWAcWIk6B3Z_pilot_frisbee_3,R_51GSxWAcWIk6B3Z,pilot_frisbee_3,frisbee,garden art
R_51GSxWAcWIk6B3Z_pilot_frisbee_4,R_51GSxWAcWIk6B3Z,pilot_frisbee_4,frisbee,dog bowl
R_51GSxWAcWIk6B3Z_pilot_frisbee_5,R_51GSxWAcWIk6B3Z,pilot_frisbee_5,frisbee,fly swatter
R_51GSxWAcWIk6B3Z_pilot_brick_1,R_51GSxWAcWIk6B3Z,pilot_brick_1,brick,Garden marker
R_51GSxWAcWIk6B3Z_pilot_brick_2,R_51GSxWAcWIk6B3Z,pilot_brick_2,brick,bookends
R_51GSxWAcWIk6B3Z_pilot_brick_3,R_51GSxWAcWIk6B3Z,pilot_brick_3,brick,dumbbell
R_51GSxWAcWIk6B3Z_pilot_brick_4,R_51GSxWAcWIk6B3Z,pilot_brick_4,brick,door opener
R_51GSxWAcWIk6B3Z_pilot_brick_5,R_51GSxWAcWIk6B3Z,pilot_brick_5,brick,leveler
R_51GSxWAcWIk6B3Z_pilot_bubble_open_1,R_51GSxWAcWIk6B3Z,pilot_bubble_open_1,bubblewrap,protective layer
R_51GSxWAcWIk6B3Z_pilot_bubble_open_2,R_51GSxWAcWIk6B3Z,pilot_bubble_open_2,bubblewrap,toy
R_51GSxWAcWIk6B3Z_pilot_bubble_open_3,R_51GSxWAcWIk6B3Z,pilot_bubble_open_3,bubblewrap,garden knee pad
R_51GSxWAcWIk6B3Z_pilot_bubble_open_4,R_51GSxWAcWIk6B3Z,pilot_bubble_open_4,bubblewrap,art supplies
R_51GSxWAcWIk6B3Z_pilot_bubble_open_5,R_51GSxWAcWIk6B3Z,pilot_bubble_open_5,bubblewrap,stress reliever
R_5rdO0N4dLLpDMWd_pilot_frisbee_1,R_5rdO0N4dLLpDMWd,pilot_frisbee_1,frisbee,food tray or plate
R_5rdO0N4dLLpDMWd_pilot_frisbee_2,R_5rdO0N4dLLpDMWd,pilot_frisbee_2,frisbee,water bowl for a pet
R_5rdO0N4dLLpDMWd_pilot_frisbee_3,R_5rdO0N4dLLpDMWd,pilot_frisbee_3,frisbee,spinning top toy
R_5rdO0N4dLLpDMWd_pilot_frisbee_4,R_5rdO0N4dLLpDMWd,pilot_frisbee_4,frisbee,fly swatter
R_5rdO0N4dLLpDMWd_pilot_frisbee_5,R_5rdO0N4dLLpDMWd,pilot_frisbee_5,frisbee,fan
R_5rdO0N4dLLpDMWd_pilot_brick_1,R_5rdO0N4dLLpDMWd,pilot_brick_1,brick,stepping stool
R_5rdO0N4dLLpDMWd_pilot_brick_2,R_5rdO0N4dLLpDMWd,pilot_brick_2,brick,door stop
R_5rdO0N4dLLpDMWd_pilot_brick_3,R_5rdO0N4dLLpDMWd,pilot_brick_3,brick,yoga block
R_5rdO0N4dLLpDMWd_pilot_brick_4,R_5rdO0N4dLLpDMWd,pilot_brick_4,brick,paper weight
R_5rdO0N4dLLpDMWd_pilot_brick_5,R_5rdO0N4dLLpDMWd,pilot_brick_5,brick,weapon
R_5rdO0N4dLLpDMWd_pilot_bubble_open_1,R_5rdO0N4dLLpDMWd,pilot_bubble_open_1,bubblewrap,popping toy
R_5rdO0N4dLLpDMWd_pilot_bubble_open_2,R_5rdO0N4dLLpDMWd,pilot_bubble_open_2,bubblewrap,cushion
R_5rdO0N4dLLpDMWd_pilot_bubble_open_3,R_5rdO0N4dLLpDMWd,pilot_bubble_open_3,bubblewrap,packing material
R_5rdO0N4dLLpDMWd_pilot_bubble_open_4,R_5rdO0N4dLLpDMWd,pilot_bubble_open_4,bubblewrap,pillow
R_5rdO0N4dLLpDMWd_pilot_bubble_open_5,R_5rdO0N4dLLpDMWd,pilot_bubble_open_5,bubblewrap,water proofing a cast
R_7CNxvWsgOt2iCzf_pass_frisbee_1,R_7CNxvWsgOt2iCzf,pass_frisbee_1,frisbee,picnic plate
R_7CNxvWsgOt2iCzf_pass_frisbee_2,R_7CNxvWsgOt2iCzf,pass_frisbee_2,frisbee,painting canvas
R_7CNxvWsgOt2iCzf_pass_frisbee_3,R_7CNxvWsgOt2iCzf,pass_frisbee_3,frisbee,target practice with water guns
R_7CNxvWsgOt2iCzf_pass_frisbee_4,R_7CNxvWsgOt2iCzf,pass_frisbee_4,frisbee,wall art
R_7CNxvWsgOt2iCzf_pass_frisbee_5,R_7CNxvWsgOt2iCzf,pass_frisbee_5,frisbee,dog bowl
R_7CNxvWsgOt2iCzf_pass_brick_1,R_7CNxvWsgOt2iCzf,pass_brick_1,brick,painted garden ornaments
R_7CNxvWsgOt2iCzf_pass_brick_2,R_7CNxvWsgOt2iCzf,pass_brick_2,brick,brick accent wall
R_7CNxvWsgOt2iCzf_pass_brick_3,R_7CNxvWsgOt2iCzf,pass_brick_3,brick,plant stand
R_7CNxvWsgOt2iCzf_pass_brick_4,R_7CNxvWsgOt2iCzf,pass_brick_4,brick,outdoor fireplace
R_7CNxvWsgOt2iCzf_pass_brick_5,R_7CNxvWsgOt2iCzf,pass_brick_5,brick,work out equipment
R_7CNxvWsgOt2iCzf_pass_bubble_1,R_7CNxvWsgOt2iCzf,pass_bubble_1,bubblewrap,art surface for painting
R_7CNxvWsgOt2iCzf_pass_bubble_2,R_7CNxvWsgOt2iCzf,pass_bubble_2,bubblewrap,stress relief
R_7CNxvWsgOt2iCzf_pass_bubble_3,R_7CNxvWsgOt2iCzf,pass_bubble_3,bubblewrap,window insulation
R_7CNxvWsgOt2iCzf_pass_bubble_4,R_7CNxvWsgOt2iCzf,pass_bubble_4,bubblewrap,sound proofing
R_7CNxvWsgOt2iCzf_pass_bubble_5,R_7CNxvWsgOt2iCzf,pass_bubble_5,bubblewrap,protective cushion
R_5zr27yYLrT1gnOG_control_frisbee_1,R_5zr27yYLrT1gnOG,control_frisbee_1,frisbee,Garden marker
R_5zr27yYLrT1gnOG_control_frisbee_2,R_5zr27yYLrT1gnOG,control_frisbee_2,frisbee,Wall art
R_5zr27yYLrT1gnOG_control_frisbee_3,R_5zr27yYLrT1gnOG,control_frisbee_3,frisbee,Bird feeder
R_5zr27yYLrT1gnOG_control_frisbee_4,R_5zr27yYLrT1gnOG,control_frisbee_4,frisbee,Serving tray
R_5zr27yYLrT1gnOG_control_frisbee_5,R_5zr27yYLrT1gnOG,control_frisbee_5,frisbee,Pet toy
R_5zr27yYLrT1gnOG_control_bubble_1,R_5zr27yYLrT1gnOG,control_bubble_1,bubblewrap,Insulation for gold food or drinks
R_5zr27yYLrT1gnOG_control_bubble_2,R_5zr27yYLrT1gnOG,control_bubble_2,bubblewrap,Portable cushion for sitting
R_5zr27yYLrT1gnOG_control_bubble_3,R_5zr27yYLrT1gnOG,control_bubble_3,bubblewrap,Plant protection
R_5zr27yYLrT1gnOG_control_bubble_4,R_5zr27yYLrT1gnOG,control_bubble_4,bubblewrap,Art and craft material
R_5zr27yYLrT1gnOG_control_bubble_5,R_5zr27yYLrT1gnOG,control_bubble_5,bubblewrap,Noise Dampening
R_5zr27yYLrT1gnOG_control_brick_1,R_5zr27yYLrT1gnOG,control_brick_1,brick,Bookend
R_5zr27yYLrT1gnOG_control_brick_2,R_5zr27yYLrT1gnOG,control_brick_2,brick,Outdoor plant stand
R_5zr27yYLrT1gnOG_control_brick_3,R_5zr27yYLrT1gnOG,control_brick_3,brick,Doorstop
R_5zr27yYLrT1gnOG_control_brick_4,R_5zr27yYLrT1gnOG,control_brick_4,brick,Stepping stone
R_5zr27yYLrT1gnOG_control_brick_5,R_5zr27yYLrT1gnOG,control_brick_5,brick,Creative art canvas
R_5ZDHxpbRAeQ261a_pass_frisbee_1,R_5ZDHxpbRAeQ261a,pass_frisbee_1,frisbee,hat
R_5ZDHxpbRAeQ261a_pass_frisbee_2,R_5ZDHxpbRAeQ261a,pass_frisbee_2,frisbee,add a stick and make a hand fan
R_5ZDHxpbRAeQ261a_pass_frisbee_3,R_5ZDHxpbRAeQ261a,pass_frisbee_3,frisbee,make a giant coin and play heads or tails
R_5ZDHxpbRAeQ261a_pass_frisbee_4,R_5ZDHxpbRAeQ261a,pass_frisbee_4,frisbee,roof shingles
R_5ZDHxpbRAeQ261a_pass_frisbee_5,R_5ZDHxpbRAeQ261a,pass_frisbee_5,frisbee,chandelier with varying lengths of frisbees
R_5ZDHxpbRAeQ261a_pass_brick_1,R_5ZDHxpbRAeQ261a,pass_brick_1,brick,make a pet maze for your ginnea pig
R_5ZDHxpbRAeQ261a_pass_brick_2,R_5ZDHxpbRAeQ261a,pass_brick_2,brick,hollow out for candle holder
R_5ZDHxpbRAeQ261a_pass_brick_3,R_5ZDHxpbRAeQ261a,pass_brick_3,brick,brick wall clock  one brick for each hour
R_5ZDHxpbRAeQ261a_pass_brick_4,R_5ZDHxpbRAeQ261a,pass_brick_4,brick,surfboard stand
R_5ZDHxpbRAeQ261a_pass_brick_5,R_5ZDHxpbRAeQ261a,pass_brick_5,brick,art sculpture out of bricks
R_5ZDHxpbRAeQ261a_pass_bubble_1,R_5ZDHxpbRAeQ261a,pass_bubble_1,bubblewrap,painting use as a stamp
R_5ZDHxpbRAeQ261a_pass_bubble_2,R_5ZDHxpbRAeQ261a,pass_bubble_2,bubblewrap,temporary insulation on windows
R_5ZDHxpbRAeQ261a_pass_bubble_3,R_5ZDHxpbRAeQ261a,pass_bubble_3,bubblewrap,pop bubbles to release stress
R_5ZDHxpbRAeQ261a_pass_bubble_4,R_5ZDHxpbRAeQ261a,pass_bubble_4,bubblewrap,fill a kiddie pool for kids to play in and pop
R_5ZDHxpbRAeQ261a_pass_bubble_5,R_5ZDHxpbRAeQ261a,pass_bubble_5,bubblewrap,cut bolored buble wrap into pieces and create a mosiac art piece
R_5nJRT8fXVwt1585_pilot_frisbee_1,R_5nJRT8fXVwt1585,pilot_frisbee_1,frisbee,tray
R_5nJRT8fXVwt1585_pilot_frisbee_2,R_5nJRT8fXVwt1585,pilot_frisbee_2,frisbee,ornaments
R_5nJRT8fXVwt1585_pilot_frisbee_3,R_5nJRT8fXVwt1585,pilot_frisbee_3,frisbee,fly swatter
R_5nJRT8fXVwt1585_pilot_frisbee_4,R_5nJRT8fXVwt1585,pilot_frisbee_4,frisbee,pool for hamsters
R_5nJRT8fXVwt1585_pilot_frisbee_5,R_5nJRT8fXVwt1585,pilot_frisbee_5,frisbee,paint palette
R_5nJRT8fXVwt1585_pilot_brick_1,R_5nJRT8fXVwt1585,pilot_brick_1,brick,bookshelves
R_5nJRT8fXVwt1585_pilot_brick_2,R_5nJRT8fXVwt1585,pilot_brick_2,brick,planters
R_5nJRT8fXVwt1585_pilot_brick_3,R_5nJRT8fXVwt1585,pilot_brick_3,brick,pathways
R_5nJRT8fXVwt1585_pilot_brick_4,R_5nJRT8fXVwt1585,pilot_brick_4,brick,doorstop
R_5nJRT8fXVwt1585_pilot_brick_5,R_5nJRT8fXVwt1585,pilot_brick_5,brick,riser
R_5nJRT8fXVwt1585_pilot_bubble_open_1,R_5nJRT8fXVwt1585,pilot_bubble_open_1,bubblewrap,bubble house slippers
R_5nJRT8fXVwt1585_pilot_bubble_open_2,R_5nJRT8fXVwt1585,pilot_bubble_open_2,bubblewrap,gloves
R_5nJRT8fXVwt1585_pilot_bubble_open_3,R_5nJRT8fXVwt1585,pilot_bubble_open_3,bubblewrap,for leftovers
R_5nJRT8fXVwt1585_pilot_bubble_open_4,R_5nJRT8fXVwt1585,pilot_bubble_open_4,bubblewrap,art
R_5nJRT8fXVwt1585_pilot_bubble_open_5,R_5nJRT8fXVwt1585,pilot_bubble_open_5,bubblewrap,popping carpet for a small room
R_1YWjorqdFFagLMI_control_frisbee_1,R_1YWjorqdFFagLMI,control_frisbee_1,frisbee,Use as a bird bath.
R_1YWjorqdFFagLMI_control_frisbee_2,R_1YWjorqdFFagLMI,control_frisbee_2,frisbee,Paint it and display as art.
R_1YWjorqdFFagLMI_control_frisbee_3,R_1YWjorqdFFagLMI,control_frisbee_3,frisbee,Put hole in center and use as a baffle on a pole to prevent snakes from entering a bird house/nest.
R_1YWjorqdFFagLMI_control_frisbee_4,R_1YWjorqdFFagLMI,control_frisbee_4,frisbee,Use as a jewelry box.
R_1YWjorqdFFagLMI_control_frisbee_5,R_1YWjorqdFFagLMI,control_frisbee_5,frisbee,Attach strings to use and tie on as a hat.
R_1YWjorqdFFagLMI_control_bubble_1,R_1YWjorqdFFagLMI,control_bubble_1,bubblewrap,Pop and use as a noise maker.
R_1YWjorqdFFagLMI_control_bubble_2,R_1YWjorqdFFagLMI,control_bubble_2,bubblewrap,Line a paper garbage bag to prevent liquids from leaking. can
R_1YWjorqdFFagLMI_control_bubble_3,R_1YWjorqdFFagLMI,control_bubble_3,bubblewrap,Paint it and display as art.
R_1YWjorqdFFagLMI_control_bubble_4,R_1YWjorqdFFagLMI,control_bubble_4,bubblewrap,Use inside a vase to elevate artificial flowers for display.
R_1YWjorqdFFagLMI_control_bubble_5,R_1YWjorqdFFagLMI,control_bubble_5,bubblewrap,Use as landscape fabric to prevent weeds from growing around shrubs or flowers in a yard.
R_1YWjorqdFFagLMI_control_brick_1,R_1YWjorqdFFagLMI,control_brick_1,brick,Hold a large outdoor planter in place during high wind.
R_1YWjorqdFFagLMI_control_brick_2,R_1YWjorqdFFagLMI,control_brick_2,brick,Use as a doorstop.
R_1YWjorqdFFagLMI_control_brick_3,R_1YWjorqdFFagLMI,control_brick_3,brick,Use to keep garage door slightly open for a pet cat to exit and enter a home.
R_1YWjorqdFFagLMI_control_brick_4,R_1YWjorqdFFagLMI,control_brick_4,brick,Hold up a faulty window and prevent it from closing.
R_1YWjorqdFFagLMI_control_brick_5,R_1YWjorqdFFagLMI,control_brick_5,brick,Paint the brick and display as art.
R_6pHJdxNTIMmHL9v_pass_frisbee_1,R_6pHJdxNTIMmHL9v,pass_frisbee_1,frisbee,Frisbee gold
R_6pHJdxNTIMmHL9v_pass_frisbee_2,R_6pHJdxNTIMmHL9v,pass_frisbee_2,frisbee,Outdoor obstacle course
R_6pHJdxNTIMmHL9v_pass_frisbee_3,R_6pHJdxNTIMmHL9v,pass_frisbee_3,frisbee,Ultimate frisbee
R_6pHJdxNTIMmHL9v_pass_frisbee_4,R_6pHJdxNTIMmHL9v,pass_frisbee_4,frisbee,Makeshift plate for a picnic
R_6pHJdxNTIMmHL9v_pass_frisbee_5,R_6pHJdxNTIMmHL9v,pass_frisbee_5,frisbee,Playing frisbee tic-tac-toe on the beach.
R_6pHJdxNTIMmHL9v_pass_brick_1,R_6pHJdxNTIMmHL9v,pass_brick_1,brick,DIY bookends
R_6pHJdxNTIMmHL9v_pass_brick_2,R_6pHJdxNTIMmHL9v,pass_brick_2,brick,Garden marker
R_6pHJdxNTIMmHL9v_pass_brick_3,R_6pHJdxNTIMmHL9v,pass_brick_3,brick,Doorstop
R_6pHJdxNTIMmHL9v_pass_brick_4,R_6pHJdxNTIMmHL9v,pass_brick_4,brick,Outdoor candle holder
R_6pHJdxNTIMmHL9v_pass_brick_5,R_6pHJdxNTIMmHL9v,pass_brick_5,brick,Paperweight
R_6pHJdxNTIMmHL9v_pass_bubble_1,R_6pHJdxNTIMmHL9v,pass_bubble_1,bubblewrap,Art projects
R_6pHJdxNTIMmHL9v_pass_bubble_2,R_6pHJdxNTIMmHL9v,pass_bubble_2,bubblewrap,Stress reliever
R_6pHJdxNTIMmHL9v_pass_bubble_3,R_6pHJdxNTIMmHL9v,pass_bubble_3,bubblewrap,Insulation
R_6pHJdxNTIMmHL9v_pass_bubble_4,R_6pHJdxNTIMmHL9v,pass_bubble_4,bubblewrap,Cushioning
R_6pHJdxNTIMmHL9v_pass_bubble_5,R_6pHJdxNTIMmHL9v,pass_bubble_5,bubblewrap,Desk Organizer
R_1oteCHlseklxIml_pilot_frisbee_1,R_1oteCHlseklxIml,pilot_frisbee_1,frisbee,Tray
R_1oteCHlseklxIml_pilot_frisbee_2,R_1oteCHlseklxIml,pilot_frisbee_2,frisbee,Paint holder
R_1oteCHlseklxIml_pilot_frisbee_3,R_1oteCHlseklxIml,pilot_frisbee_3,frisbee,Last minute fan
R_1oteCHlseklxIml_pilot_frisbee_4,R_1oteCHlseklxIml,pilot_frisbee_4,frisbee,Water holder
R_1oteCHlseklxIml_pilot_frisbee_5,R_1oteCHlseklxIml,pilot_frisbee_5,frisbee,Clock face
R_1oteCHlseklxIml_pilot_brick_1,R_1oteCHlseklxIml,pilot_brick_1,brick,Door stopper
R_1oteCHlseklxIml_pilot_brick_2,R_1oteCHlseklxIml,pilot_brick_2,brick,Balance callibration
R_1oteCHlseklxIml_pilot_brick_3,R_1oteCHlseklxIml,pilot_brick_3,brick,Bookend
R_1oteCHlseklxIml_pilot_brick_4,R_1oteCHlseklxIml,pilot_brick_4,brick,Table leveler
R_1oteCHlseklxIml_pilot_brick_5,R_1oteCHlseklxIml,pilot_brick_5,brick,Chalk marker
R_1oteCHlseklxIml_pilot_bubble_open_1,R_1oteCHlseklxIml,pilot_bubble_open_1,bubblewrap,Insulation
R_1oteCHlseklxIml_pilot_bubble_open_2,R_1oteCHlseklxIml,pilot_bubble_open_2,bubblewrap,Paint brush holder
R_1oteCHlseklxIml_pilot_bubble_open_3,R_1oteCHlseklxIml,pilot_bubble_open_3,bubblewrap,Stress reliever
R_1oteCHlseklxIml_pilot_bubble_open_4,R_1oteCHlseklxIml,pilot_bubble_open_4,bubblewrap,DIY painting mat for kids
R_1oteCHlseklxIml_pilot_bubble_open_5,R_1oteCHlseklxIml,pilot_bubble_open_5,bubblewrap,Kneeling pad for the garden
R_562RAuROCMNWEBQ_pass_frisbee_1,R_562RAuROCMNWEBQ,pass_frisbee_1,frisbee,test your coordination by balancing the firsbee on different body parts
R_562RAuROCMNWEBQ_pass_frisbee_2,R_562RAuROCMNWEBQ,pass_frisbee_2,frisbee,incorporate one into a dance routine
R_562RAuROCMNWEBQ_pass_frisbee_3,R_562RAuROCMNWEBQ,pass_frisbee_3,frisbee,try to pop balloons on a wall with a frisbee
R_562RAuROCMNWEBQ_pass_frisbee_4,R_562RAuROCMNWEBQ,pass_frisbee_4,frisbee,see how many times you can flip the frisbee in the air before you catch it
R_562RAuROCMNWEBQ_pass_frisbee_5,R_562RAuROCMNWEBQ,pass_frisbee_5,frisbee,use them as fun paper plate holders at a picnic
R_562RAuROCMNWEBQ_pass_brick_1,R_562RAuROCMNWEBQ,pass_brick_1,brick,create a mailbox stand
R_562RAuROCMNWEBQ_pass_brick_2,R_562RAuROCMNWEBQ,pass_brick_2,brick,create a base for a coffee table
R_562RAuROCMNWEBQ_pass_brick_3,R_562RAuROCMNWEBQ,pass_brick_3,brick,use w/ wood to create a wine raft
R_562RAuROCMNWEBQ_pass_brick_4,R_562RAuROCMNWEBQ,pass_brick_4,brick,build a brick archway over your door
R_562RAuROCMNWEBQ_pass_brick_5,R_562RAuROCMNWEBQ,pass_brick_5,brick,create a wall-mounted brick key holder
R_562RAuROCMNWEBQ_pass_bubble_1,R_562RAuROCMNWEBQ,pass_bubble_1,bubblewrap,soundproofing
R_562RAuROCMNWEBQ_pass_bubble_2,R_562RAuROCMNWEBQ,pass_bubble_2,bubblewrap,use to paint a texture on walls
R_562RAuROCMNWEBQ_pass_bubble_3,R_562RAuROCMNWEBQ,pass_bubble_3,bubblewrap,use it around a poto frame
R_562RAuROCMNWEBQ_pass_bubble_4,R_562RAuROCMNWEBQ,pass_bubble_4,bubblewrap,create a wall collage
R_562RAuROCMNWEBQ_pass_bubble_5,R_562RAuROCMNWEBQ,pass_bubble_5,bubblewrap,create a unique rug
R_5chnZzNiBnjQFHo_control_frisbee_1,R_5chnZzNiBnjQFHo,control_frisbee_1,frisbee,water dish for dog
R_5chnZzNiBnjQFHo_control_frisbee_2,R_5chnZzNiBnjQFHo,control_frisbee_2,frisbee,scoop for soil
R_5chnZzNiBnjQFHo_control_frisbee_3,R_5chnZzNiBnjQFHo,control_frisbee_3,frisbee,plate/dish when camping
R_5chnZzNiBnjQFHo_control_frisbee_4,R_5chnZzNiBnjQFHo,control_frisbee_4,frisbee,hat during a rainstorm
R_5chnZzNiBnjQFHo_control_frisbee_5,R_5chnZzNiBnjQFHo,control_frisbee_5,frisbee,lid for a pot
R_5chnZzNiBnjQFHo_control_bubble_1,R_5chnZzNiBnjQFHo,control_bubble_1,bubblewrap,float in a water trough to prevent freezing (I have done this)
R_5chnZzNiBnjQFHo_control_bubble_2,R_5chnZzNiBnjQFHo,control_bubble_2,bubblewrap,use in a planter to take up space
R_5chnZzNiBnjQFHo_control_bubble_3,R_5chnZzNiBnjQFHo,control_bubble_3,bubblewrap,use in a hanging pot for artificial plants - pierce the bubble wrap with the stems
R_5chnZzNiBnjQFHo_control_bubble_4,R_5chnZzNiBnjQFHo,control_bubble_4,bubblewrap,lay between frying pans stacked in a cupboard for protection of pan surfaces
R_5chnZzNiBnjQFHo_control_bubble_5,R_5chnZzNiBnjQFHo,control_bubble_5,bubblewrap,use as insulation for PVC pipes during freezing weather
R_5chnZzNiBnjQFHo_control_brick_1,R_5chnZzNiBnjQFHo,control_brick_1,brick,to weigh down a tarp
R_5chnZzNiBnjQFHo_control_brick_2,R_5chnZzNiBnjQFHo,control_brick_2,brick,to use as a step-up
R_5chnZzNiBnjQFHo_control_brick_3,R_5chnZzNiBnjQFHo,control_brick_3,brick,to tie a rope to to keep something from blowing away
R_5chnZzNiBnjQFHo_control_brick_4,R_5chnZzNiBnjQFHo,control_brick_4,brick,as a stepping stone in a garden
R_5chnZzNiBnjQFHo_control_brick_5,R_5chnZzNiBnjQFHo,control_brick_5,brick,as a weapon
R_7kHtB2QvC1xXrwB_control_frisbee_1,R_7kHtB2QvC1xXrwB,control_frisbee_1,frisbee,temporary plate
R_7kHtB2QvC1xXrwB_control_frisbee_2,R_7kHtB2QvC1xXrwB,control_frisbee_2,frisbee,tray for items
R_7kHtB2QvC1xXrwB_control_frisbee_3,R_7kHtB2QvC1xXrwB,control_frisbee_3,frisbee,dog toy
R_7kHtB2QvC1xXrwB_control_frisbee_4,R_7kHtB2QvC1xXrwB,control_frisbee_4,frisbee,Makeshift fan
R_7kHtB2QvC1xXrwB_control_frisbee_5,R_7kHtB2QvC1xXrwB,control_frisbee_5,frisbee,Dustbin
R_7kHtB2QvC1xXrwB_control_bubble_1,R_7kHtB2QvC1xXrwB,control_bubble_1,bubblewrap,Folded for a temporary cushion
R_7kHtB2QvC1xXrwB_control_bubble_2,R_7kHtB2QvC1xXrwB,control_bubble_2,bubblewrap,Drawer liner for breakable items
R_7kHtB2QvC1xXrwB_control_bubble_3,R_7kHtB2QvC1xXrwB,control_bubble_3,bubblewrap,Pop for fun
R_7kHtB2QvC1xXrwB_control_bubble_4,R_7kHtB2QvC1xXrwB,control_bubble_4,bubblewrap,Liner for glove compartment
R_7kHtB2QvC1xXrwB_control_bubble_5,R_7kHtB2QvC1xXrwB,control_bubble_5,bubblewrap,Temporary rain hat
R_7kHtB2QvC1xXrwB_control_brick_1,R_7kHtB2QvC1xXrwB,control_brick_1,brick,base for a wood slab for a bed
R_7kHtB2QvC1xXrwB_control_brick_2,R_7kHtB2QvC1xXrwB,control_brick_2,brick,book shelf
R_7kHtB2QvC1xXrwB_control_brick_3,R_7kHtB2QvC1xXrwB,control_brick_3,brick,doorstop
R_7kHtB2QvC1xXrwB_control_brick_4,R_7kHtB2QvC1xXrwB,control_brick_4,brick,bookend
R_7kHtB2QvC1xXrwB_control_brick_5,R_7kHtB2QvC1xXrwB,control_brick_5,brick,window smasher
R_6wowreFCXpRJBgq_control_frisbee_1,R_6wowreFCXpRJBgq,control_frisbee_1,frisbee,Using it as a Plate
R_6wowreFCXpRJBgq_control_frisbee_2,R_6wowreFCXpRJBgq,control_frisbee_2,frisbee,Using it as a cushion
R_6wowreFCXpRJBgq_control_frisbee_3,R_6wowreFCXpRJBgq,control_frisbee_3,frisbee,Using it as something to bite onto when dealing extreme pain
R_6wowreFCXpRJBgq_control_frisbee_4,R_6wowreFCXpRJBgq,control_frisbee_4,frisbee,Using it as play item for dogs
R_6wowreFCXpRJBgq_control_frisbee_5,R_6wowreFCXpRJBgq,control_frisbee_5,frisbee,Using it as a mini shield
R_6wowreFCXpRJBgq_control_bubble_1,R_6wowreFCXpRJBgq,control_bubble_1,bubblewrap,Using it as a stress reliever
R_6wowreFCXpRJBgq_control_bubble_2,R_6wowreFCXpRJBgq,control_bubble_2,bubblewrap,Using it for a game
R_6wowreFCXpRJBgq_control_bubble_3,R_6wowreFCXpRJBgq,control_bubble_3,bubblewrap,Using it to obscure something
R_6wowreFCXpRJBgq_control_bubble_4,R_6wowreFCXpRJBgq,control_bubble_4,bubblewrap,Using it to confuse someone
R_6wowreFCXpRJBgq_control_bubble_5,R_6wowreFCXpRJBgq,control_bubble_5,bubblewrap,Using it to protect items that are fragile
R_6wowreFCXpRJBgq_control_brick_1,R_6wowreFCXpRJBgq,control_brick_1,brick,Hitting someone with it
R_6wowreFCXpRJBgq_control_brick_2,R_6wowreFCXpRJBgq,control_brick_2,brick,Using it as a weapon
R_6wowreFCXpRJBgq_control_brick_3,R_6wowreFCXpRJBgq,control_brick_3,brick,Using it to build a house
R_6wowreFCXpRJBgq_control_brick_4,R_6wowreFCXpRJBgq,control_brick_4,brick,Using it break something
R_6wowreFCXpRJBgq_control_brick_5,R_6wowreFCXpRJBgq,control_brick_5,brick,Using it to make something
R_5uW1UlcHUETbBV4_control_frisbee_1,R_5uW1UlcHUETbBV4,control_frisbee_1,frisbee,pet plate dish
R_5uW1UlcHUETbBV4_control_frisbee_2,R_5uW1UlcHUETbBV4,control_frisbee_2,frisbee,packer for dirt
R_5uW1UlcHUETbBV4_control_frisbee_3,R_5uW1UlcHUETbBV4,control_frisbee_3,frisbee,pet water dish
R_5uW1UlcHUETbBV4_control_frisbee_4,R_5uW1UlcHUETbBV4,control_frisbee_4,frisbee,picnic plate
R_5uW1UlcHUETbBV4_control_frisbee_5,R_5uW1UlcHUETbBV4,control_frisbee_5,frisbee,serving plate
R_5uW1UlcHUETbBV4_control_bubble_1,R_5uW1UlcHUETbBV4,control_bubble_1,bubblewrap,stress relief
R_5uW1UlcHUETbBV4_control_bubble_2,R_5uW1UlcHUETbBV4,control_bubble_2,bubblewrap,costume material
R_5uW1UlcHUETbBV4_control_bubble_3,R_5uW1UlcHUETbBV4,control_bubble_3,bubblewrap,kneeling pad
R_5uW1UlcHUETbBV4_control_bubble_4,R_5uW1UlcHUETbBV4,control_bubble_4,bubblewrap,gym mat
R_5uW1UlcHUETbBV4_control_bubble_5,R_5uW1UlcHUETbBV4,control_bubble_5,bubblewrap,indoor sled
R_5uW1UlcHUETbBV4_control_brick_1,R_5uW1UlcHUETbBV4,control_brick_1,brick,use it as a dong bell
R_5uW1UlcHUETbBV4_control_brick_2,R_5uW1UlcHUETbBV4,control_brick_2,brick,use it to as a car lift
R_5uW1UlcHUETbBV4_control_brick_3,R_5uW1UlcHUETbBV4,control_brick_3,brick,use it as a stool
R_5uW1UlcHUETbBV4_control_brick_4,R_5uW1UlcHUETbBV4,control_brick_4,brick,use it as a doorstop
R_5uW1UlcHUETbBV4_control_brick_5,R_5uW1UlcHUETbBV4,control_brick_5,brick,use it as a musical instrument
R_5qgfMHudp9W4snC_pass_frisbee_1,R_5qgfMHudp9W4snC,pass_frisbee_1,frisbee,a plate
R_5qgfMHudp9W4snC_pass_frisbee_2,R_5qgfMHudp9W4snC,pass_frisbee_2,frisbee,background for an award plate
R_5qgfMHudp9W4snC_pass_frisbee_3,R_5qgfMHudp9W4snC,pass_frisbee_3,frisbee,make a hanging mobile for a child's room
R_5qgfMHudp9W4snC_pass_frisbee_4,R_5qgfMHudp9W4snC,pass_frisbee_4,frisbee,use several of them to put under furniture legs to make moving furniture easier
R_5qgfMHudp9W4snC_pass_frisbee_5,R_5qgfMHudp9W4snC,pass_frisbee_5,frisbee,use as a drip catcher for plants
R_5qgfMHudp9W4snC_pass_brick_1,R_5qgfMHudp9W4snC,pass_brick_1,brick,door stop
R_5qgfMHudp9W4snC_pass_brick_2,R_5qgfMHudp9W4snC,pass_brick_2,brick,book end
R_5qgfMHudp9W4snC_pass_brick_3,R_5qgfMHudp9W4snC,pass_brick_3,brick,paperwieght
R_5qgfMHudp9W4snC_pass_brick_4,R_5qgfMHudp9W4snC,pass_brick_4,brick,candle holder
R_5qgfMHudp9W4snC_pass_brick_5,R_5qgfMHudp9W4snC,pass_brick_5,brick,wrap with foil to make a weight to hold half chicken down on the grill for better contact cooking
R_5qgfMHudp9W4snC_pass_bubble_1,R_5qgfMHudp9W4snC,pass_bubble_1,bubblewrap,insulate windows
R_5qgfMHudp9W4snC_pass_bubble_2,R_5qgfMHudp9W4snC,pass_bubble_2,bubblewrap,create a non-slip surface
R_5qgfMHudp9W4snC_pass_bubble_3,R_5qgfMHudp9W4snC,pass_bubble_3,bubblewrap,wrap fragile items before storing or moving them
R_5qgfMHudp9W4snC_pass_bubble_4,R_5qgfMHudp9W4snC,pass_bubble_4,bubblewrap,prevent drafts around windows or doors
R_5qgfMHudp9W4snC_pass_bubble_5,R_5qgfMHudp9W4snC,pass_bubble_5,bubblewrap,cushion sharp edges of countertops or furniture
R_1411N6FExNfKqR7_pass_frisbee_1,R_1411N6FExNfKqR7,pass_frisbee_1,frisbee,Frisbee target practice
R_1411N6FExNfKqR7_pass_frisbee_2,R_1411N6FExNfKqR7,pass_frisbee_2,frisbee,Frisbee bowling: Set up empty bottles or cans as pins and try to knock them down by throwing the frisbee like a bowling ball
R_1411N6FExNfKqR7_pass_frisbee_3,R_1411N6FExNfKqR7,pass_frisbee_3,frisbee,Frisbee art: Dip the frisbee in paint and use it as a stamp to create unique patterns on paper or fabric.
R_1411N6FExNfKqR7_pass_frisbee_4,R_1411N6FExNfKqR7,pass_frisbee_4,frisbee,Frisbee toss and catch: Play a game where you and a partner see how many times you can throw and catch the frisbee without dropping it
R_1411N6FExNfKqR7_pass_frisbee_5,R_1411N6FExNfKqR7,pass_frisbee_5,frisbee,Use the Frisbee as a tray to serve drinks at a picnic
R_1411N6FExNfKqR7_pass_brick_1,R_1411N6FExNfKqR7,pass_brick_1,brick,Build a raised planter box using bricks
R_1411N6FExNfKqR7_pass_brick_2,R_1411N6FExNfKqR7,pass_brick_2,brick,Use brick veneer or thin bricks to add texture and warmth to a room by creating a feature wall
R_1411N6FExNfKqR7_pass_brick_3,R_1411N6FExNfKqR7,pass_brick_3,brick,Build your own outdoor pizza oven using bricks
R_1411N6FExNfKqR7_pass_brick_4,R_1411N6FExNfKqR7,pass_brick_4,brick,Construct a brick fireplace
R_1411N6FExNfKqR7_pass_brick_5,R_1411N6FExNfKqR7,pass_brick_5,brick,Construct a brick dog house
R_1411N6FExNfKqR7_pass_bubble_1,R_1411N6FExNfKqR7,pass_bubble_1,bubblewrap,Use it as a cushioning material for protecting the floor and carpet when placing heavy appliances and furniture in the house
R_1411N6FExNfKqR7_pass_bubble_2,R_1411N6FExNfKqR7,pass_bubble_2,bubblewrap,Make a bubble wrap costume or prop for a fun photoshoot or event.
R_1411N6FExNfKqR7_pass_bubble_3,R_1411N6FExNfKqR7,pass_bubble_3,bubblewrap,Use it as a protective layer for fragile items when moving or shipping
R_1411N6FExNfKqR7_pass_bubble_4,R_1411N6FExNfKqR7,pass_bubble_4,bubblewrap,Turn it into a stress-relief toy by popping the bubbles
R_1411N6FExNfKqR7_pass_bubble_5,R_1411N6FExNfKqR7,pass_bubble_5,bubblewrap,Create bubble wrap art by painting on the bubbles and pressing them onto paper.
R_7wP9DGTgAIEhQlP_pass_frisbee_1,R_7wP9DGTgAIEhQlP,pass_frisbee_1,frisbee,"Concentrates sunlight to warm or gently cook food, melt snow, or heat water during picnics."
R_7wP9DGTgAIEhQlP_pass_frisbee_2,R_7wP9DGTgAIEhQlP,pass_frisbee_2,frisbee,"Keeps young plants warm and pest-free and speeds germination, simple, reusable, and compact."
R_7wP9DGTgAIEhQlP_pass_frisbee_3,R_7wP9DGTgAIEhQlP,pass_frisbee_3,frisbee,"Fast, cheap way to make uniform garden stepping-stones, coasters, or wall art with a cool circular shape."
R_7wP9DGTgAIEhQlP_pass_frisbee_4,R_7wP9DGTgAIEhQlP,pass_frisbee_4,frisbee,"No batteries, instantly louder audio for outdoor gatherings or campsite music"
R_7wP9DGTgAIEhQlP_pass_frisbee_5,R_7wP9DGTgAIEhQlP,pass_frisbee_5,frisbee,Mini percussion instrument
R_7wP9DGTgAIEhQlP_pass_brick_1,R_7wP9DGTgAIEhQlP,pass_brick_1,brick,Bookend
R_7wP9DGTgAIEhQlP_pass_brick_2,R_7wP9DGTgAIEhQlP,pass_brick_2,brick,Raised garden bed border
R_7wP9DGTgAIEhQlP_pass_brick_3,R_7wP9DGTgAIEhQlP,pass_brick_3,brick,Outdoor weights
R_7wP9DGTgAIEhQlP_pass_brick_4,R_7wP9DGTgAIEhQlP,pass_brick_4,brick,Doorstop
R_7wP9DGTgAIEhQlP_pass_brick_5,R_7wP9DGTgAIEhQlP,pass_brick_5,brick,DIY fire pit
R_7wP9DGTgAIEhQlP_pass_bubble_1,R_7wP9DGTgAIEhQlP,pass_bubble_1,bubblewrap,Line the inside of a tote or paper bag with bubble wrap to create lightweight insulation that keeps food warm or drinks cool during transport.
R_7wP9DGTgAIEhQlP_pass_bubble_2,R_7wP9DGTgAIEhQlP,pass_bubble_2,bubblewrap,"Dip bubble wrap in paint and press it onto paper, fabric, or walls to create unique dot-pattern backgrounds and textures for crafts or murals."
R_7wP9DGTgAIEhQlP_pass_bubble_3,R_7wP9DGTgAIEhQlP,pass_bubble_3,bubblewrap,Wrap bubble wrap loosely around outdoor pots or cover plant beds at night to protect delicate plants from frost and cold snaps.
R_7wP9DGTgAIEhQlP_pass_bubble_4,R_7wP9DGTgAIEhQlP,pass_bubble_4,bubblewrap,Seal sheets of bubble wrap inside a trash bag or pillowcase to create a buoyant float for lounging in water
R_7wP9DGTgAIEhQlP_pass_bubble_5,R_7wP9DGTgAIEhQlP,pass_bubble_5,bubblewrap,Tape bubble wrap under a desk mat or rug so you can secretly pop bubbles with your feet while working
R_7oQJfL9jxFoFDxv_pilot_frisbee_1,R_7oQJfL9jxFoFDxv,pilot_frisbee_1,frisbee,storing coins
R_7oQJfL9jxFoFDxv_pilot_frisbee_2,R_7oQJfL9jxFoFDxv,pilot_frisbee_2,frisbee,as a hat
R_7oQJfL9jxFoFDxv_pilot_frisbee_3,R_7oQJfL9jxFoFDxv,pilot_frisbee_3,frisbee,as a water dish for cat
R_7oQJfL9jxFoFDxv_pilot_frisbee_4,R_7oQJfL9jxFoFDxv,pilot_frisbee_4,frisbee,as a plate
R_7oQJfL9jxFoFDxv_pilot_frisbee_5,R_7oQJfL9jxFoFDxv,pilot_frisbee_5,frisbee,for collecting votes
R_7oQJfL9jxFoFDxv_pilot_brick_1,R_7oQJfL9jxFoFDxv,pilot_brick_1,brick,bricks for pets to jump over
R_7oQJfL9jxFoFDxv_pilot_brick_2,R_7oQJfL9jxFoFDxv,pilot_brick_2,brick,bricks for decoration
R_7oQJfL9jxFoFDxv_pilot_brick_3,R_7oQJfL9jxFoFDxv,pilot_brick_3,brick,bricks as a step
R_7oQJfL9jxFoFDxv_pilot_brick_4,R_7oQJfL9jxFoFDxv,pilot_brick_4,brick,bricks to reach something
R_7oQJfL9jxFoFDxv_pilot_brick_5,R_7oQJfL9jxFoFDxv,pilot_brick_5,brick,bricks for holding papers down
R_7oQJfL9jxFoFDxv_pilot_bubble_open_1,R_7oQJfL9jxFoFDxv,pilot_bubble_open_1,bubblewrap,repairing furniture
R_7oQJfL9jxFoFDxv_pilot_bubble_open_2,R_7oQJfL9jxFoFDxv,pilot_bubble_open_2,bubblewrap,as holding something on refrigerator
R_7oQJfL9jxFoFDxv_pilot_bubble_open_3,R_7oQJfL9jxFoFDxv,pilot_bubble_open_3,bubblewrap,as repairing TV
R_7oQJfL9jxFoFDxv_pilot_bubble_open_4,R_7oQJfL9jxFoFDxv,pilot_bubble_open_4,bubblewrap,as holding books together
R_7oQJfL9jxFoFDxv_pilot_bubble_open_5,R_7oQJfL9jxFoFDxv,pilot_bubble_open_5,bubblewrap,for holding DVDs together
R_7FetlppEtP8gCcN_pilot_frisbee_1,R_7FetlppEtP8gCcN,pilot_frisbee_1,frisbee,"Frisbee golf, using objects as targets"
R_7FetlppEtP8gCcN_pilot_frisbee_2,R_7FetlppEtP8gCcN,pilot_frisbee_2,frisbee,"Frisbee tic-tac-toe, with 2 different colored Frisbees in place of X and O"
R_7FetlppEtP8gCcN_pilot_frisbee_3,R_7FetlppEtP8gCcN,pilot_frisbee_3,frisbee,"Target practice, aiming for a target with the Frisbee"
R_7FetlppEtP8gCcN_pilot_frisbee_4,R_7FetlppEtP8gCcN,pilot_frisbee_4,frisbee,"Relay race, with participants throwing Frisbee to each other while completing the race"
R_7FetlppEtP8gCcN_pilot_frisbee_5,R_7FetlppEtP8gCcN,pilot_frisbee_5,frisbee,Trick shot challenge
R_7FetlppEtP8gCcN_pilot_brick_1,R_7FetlppEtP8gCcN,pilot_brick_1,brick,Cover a brick with fabric and use it as a door stopper
R_7FetlppEtP8gCcN_pilot_brick_2,R_7FetlppEtP8gCcN,pilot_brick_2,brick,Stack bricks between boards to make a bookshelf
R_7FetlppEtP8gCcN_pilot_brick_3,R_7FetlppEtP8gCcN,pilot_brick_3,brick,Paint a brick as a decorative object
R_7FetlppEtP8gCcN_pilot_brick_4,R_7FetlppEtP8gCcN,pilot_brick_4,brick,Line a sidewalk or path with bricks to define the path
R_7FetlppEtP8gCcN_pilot_brick_5,R_7FetlppEtP8gCcN,pilot_brick_5,brick,A covered brick makes a nice paperweight.
R_7FetlppEtP8gCcN_pilot_bubble_open_1,R_7FetlppEtP8gCcN,pilot_bubble_open_1,bubblewrap,Wrap up someone like a mummy
R_7FetlppEtP8gCcN_pilot_bubble_open_2,R_7FetlppEtP8gCcN,pilot_bubble_open_2,bubblewrap,Have a bubble-popping party
R_7FetlppEtP8gCcN_pilot_bubble_open_3,R_7FetlppEtP8gCcN,pilot_bubble_open_3,bubblewrap,Use bubble wrap to insulate windows
R_7FetlppEtP8gCcN_pilot_bubble_open_4,R_7FetlppEtP8gCcN,pilot_bubble_open_4,bubblewrap,Use bubble wrap as a cushion
R_7FetlppEtP8gCcN_pilot_bubble_open_5,R_7FetlppEtP8gCcN,pilot_bubble_open_5,bubblewrap,"Try bubble wrap painting, dipping it in water color paint and making a work of art"
R_5e6zrqGhiIIsnEB_pilot_frisbee_1,R_5e6zrqGhiIIsnEB,pilot_frisbee_1,frisbee,"Dip the frisbee in different colored paints, then spin and toss it onto a large canvas or sheet of paper to create a vibrant and abstract painting"
R_5e6zrqGhiIIsnEB_pilot_frisbee_2,R_5e6zrqGhiIIsnEB,pilot_frisbee_2,frisbee,"Place a piece of paper on an old record player, drip paint on it, then spin the record player and toss the frisbee onto the surface to create colorful spin art designs"
R_5e6zrqGhiIIsnEB_pilot_frisbee_3,R_5e6zrqGhiIIsnEB,pilot_frisbee_3,frisbee,"Glue small colorful pieces of paper, fabric, or other materials onto a frisbee to create a unique mosaic design"
R_5e6zrqGhiIIsnEB_pilot_frisbee_4,R_5e6zrqGhiIIsnEB,pilot_frisbee_4,frisbee,Drill holes around the edge of a frisbee and attach strings with beads or metal pieces. Hang it outside to create a musical wind chime when the frisbee spins in the wind
R_5e6zrqGhiIIsnEB_pilot_frisbee_5,R_5e6zrqGhiIIsnEB,pilot_frisbee_5,frisbee,Paint the frisbee with transparent colors or glue on pieces of colored cellophane to create a beautiful suncatcher that reflects light and creates patterns when hung in a sunny window
R_5e6zrqGhiIIsnEB_pilot_brick_1,R_5e6zrqGhiIIsnEB,pilot_brick_1,brick,Place a brick on its side and use it as a rustic candle holder for a cozy atmosphere
R_5e6zrqGhiIIsnEB_pilot_brick_2,R_5e6zrqGhiIIsnEB,pilot_brick_2,brick,Paint and label bricks to use as markers for different herbs in your indoor or outdoor garden
R_5e6zrqGhiIIsnEB_pilot_brick_3,R_5e6zrqGhiIIsnEB,pilot_brick_3,brick,Incorporate a brick into your yoga practice as a prop for balance or support during poses
R_5e6zrqGhiIIsnEB_pilot_brick_4,R_5e6zrqGhiIIsnEB,pilot_brick_4,brick,Stack and arrange bricks creatively to make a unique DIY bookshelf or display shelf
R_5e6zrqGhiIIsnEB_pilot_brick_5,R_5e6zrqGhiIIsnEB,pilot_brick_5,brick,Use bricks to create a charming garden path in your backyard or front yard
R_5e6zrqGhiIIsnEB_pilot_bubble_open_1,R_5e6zrqGhiIIsnEB,pilot_bubble_open_1,bubblewrap,Creating a DIY bubble wrap mold by shaping it around an object and using resin to form a custom protective casing
R_5e6zrqGhiIIsnEB_pilot_bubble_open_2,R_5e6zrqGhiIIsnEB,pilot_bubble_open_2,bubblewrap,Building a soundproofing panel by sandwiching bubble wrap between layers of fabric or cardboard to reduce noise
R_5e6zrqGhiIIsnEB_pilot_bubble_open_3,R_5e6zrqGhiIIsnEB,pilot_bubble_open_3,bubblewrap,Creating a DIY padded mousepad or wrist rest for your computer desk
R_5e6zrqGhiIIsnEB_pilot_bubble_open_4,R_5e6zrqGhiIIsnEB,pilot_bubble_open_4,bubblewrap,Protecting plants from frost by wrapping pots with bubble wrap to insulate them
R_5e6zrqGhiIIsnEB_pilot_bubble_open_5,R_5e6zrqGhiIIsnEB,pilot_bubble_open_5,bubblewrap,Preventing drafts by placing bubble wrap insulation in gaps around windows and doors
R_32in84umwhUui7D_pass_frisbee_1,R_32in84umwhUui7D,pass_frisbee_1,frisbee,DIY wind chime
R_32in84umwhUui7D_pass_frisbee_2,R_32in84umwhUui7D,pass_frisbee_2,frisbee,frisbee tic tac toe
R_32in84umwhUui7D_pass_frisbee_3,R_32in84umwhUui7D,pass_frisbee_3,frisbee,frisbee plate toss
R_32in84umwhUui7D_pass_frisbee_4,R_32in84umwhUui7D,pass_frisbee_4,frisbee,frisbee obstacle course
R_32in84umwhUui7D_pass_frisbee_5,R_32in84umwhUui7D,pass_frisbee_5,frisbee,frisbee dance party
R_32in84umwhUui7D_pass_brick_1,R_32in84umwhUui7D,pass_brick_1,brick,bookend
R_32in84umwhUui7D_pass_brick_2,R_32in84umwhUui7D,pass_brick_2,brick,garden marker
R_32in84umwhUui7D_pass_brick_3,R_32in84umwhUui7D,pass_brick_3,brick,doorstop
R_32in84umwhUui7D_pass_brick_4,R_32in84umwhUui7D,pass_brick_4,brick,DIY weight
R_32in84umwhUui7D_pass_brick_5,R_32in84umwhUui7D,pass_brick_5,brick,Outdoor oven
R_32in84umwhUui7D_pass_bubble_1,R_32in84umwhUui7D,pass_bubble_1,bubblewrap,bubble wrap runway
R_32in84umwhUui7D_pass_bubble_2,R_32in84umwhUui7D,pass_bubble_2,bubblewrap,bubble wrap photo frame
R_32in84umwhUui7D_pass_bubble_3,R_32in84umwhUui7D,pass_bubble_3,bubblewrap,bubble wrap sound effects
R_32in84umwhUui7D_pass_bubble_4,R_32in84umwhUui7D,pass_bubble_4,bubblewrap,bubble wrap obstacle course
R_32in84umwhUui7D_pass_bubble_5,R_32in84umwhUui7D,pass_bubble_5,bubblewrap,bubble wrap costume
R_5LMGJvzFoNfOPoR_control_frisbee_1,R_5LMGJvzFoNfOPoR,control_frisbee_1,frisbee,Use as a plate
R_5LMGJvzFoNfOPoR_control_frisbee_2,R_5LMGJvzFoNfOPoR,control_frisbee_2,frisbee,To hold paint
R_5LMGJvzFoNfOPoR_control_frisbee_3,R_5LMGJvzFoNfOPoR,control_frisbee_3,frisbee,Use as a shovel
R_5LMGJvzFoNfOPoR_control_frisbee_4,R_5LMGJvzFoNfOPoR,control_frisbee_4,frisbee,As a marker on the ground
R_5LMGJvzFoNfOPoR_control_frisbee_5,R_5LMGJvzFoNfOPoR,control_frisbee_5,frisbee,Can collect water
R_5LMGJvzFoNfOPoR_control_bubble_1,R_5LMGJvzFoNfOPoR,control_bubble_1,bubblewrap,Keep an object safe from damage
R_5LMGJvzFoNfOPoR_control_bubble_2,R_5LMGJvzFoNfOPoR,control_bubble_2,bubblewrap,Soundproof a room
R_5LMGJvzFoNfOPoR_control_bubble_3,R_5LMGJvzFoNfOPoR,control_bubble_3,bubblewrap,Use as knee pads on the floor
R_5LMGJvzFoNfOPoR_control_bubble_4,R_5LMGJvzFoNfOPoR,control_bubble_4,bubblewrap,Cover broken windows
R_5LMGJvzFoNfOPoR_control_bubble_5,R_5LMGJvzFoNfOPoR,control_bubble_5,bubblewrap,Padding for shoes
R_5LMGJvzFoNfOPoR_control_brick_1,R_5LMGJvzFoNfOPoR,control_brick_1,brick,Drill holes into the brick and place flowers
R_5LMGJvzFoNfOPoR_control_brick_2,R_5LMGJvzFoNfOPoR,control_brick_2,brick,Make a candle holder
R_5LMGJvzFoNfOPoR_control_brick_3,R_5LMGJvzFoNfOPoR,control_brick_3,brick,Create a mini sized fire pit grill
R_5LMGJvzFoNfOPoR_control_brick_4,R_5LMGJvzFoNfOPoR,control_brick_4,brick,A tire stop for cars
R_5LMGJvzFoNfOPoR_control_brick_5,R_5LMGJvzFoNfOPoR,control_brick_5,brick,To stop something from moving like a lid on a top
R_6497Kh9xtoPgBai_pass_frisbee_1,R_6497Kh9xtoPgBai,pass_frisbee_1,frisbee,"get a set of plastic bowling pins and try to knock then down with a frisbee using regular bowling rules. It is played best by getting two set of pins and playing opposite a partner, so you can both reset the pins and retrieve the frisbee."
R_6497Kh9xtoPgBai_pass_frisbee_2,R_6497Kh9xtoPgBai,pass_frisbee_2,frisbee,Use the frisbee as a baton in a relay race.
R_6497Kh9xtoPgBai_pass_frisbee_3,R_6497Kh9xtoPgBai,pass_frisbee_3,frisbee,fun outdoor food tray for a party
R_6497Kh9xtoPgBai_pass_frisbee_4,R_6497Kh9xtoPgBai,pass_frisbee_4,frisbee,under your potted plants to catch the drips
R_6497Kh9xtoPgBai_pass_frisbee_5,R_6497Kh9xtoPgBai,pass_frisbee_5,frisbee,In a pinch use it as a water bowl for your dog
R_6497Kh9xtoPgBai_pass_brick_1,R_6497Kh9xtoPgBai,pass_brick_1,brick,outdoor game for kids--align bricks to form messages to send back and forth to a friend. Both have a large number of bricks to arrange.
R_6497Kh9xtoPgBai_pass_brick_2,R_6497Kh9xtoPgBai,pass_brick_2,brick,make brick outdoor planters in various sizes and shapes
R_6497Kh9xtoPgBai_pass_brick_3,R_6497Kh9xtoPgBai,pass_brick_3,brick,make a backyard miniature golf course with bricks as the sidewalls
R_6497Kh9xtoPgBai_pass_brick_4,R_6497Kh9xtoPgBai,pass_brick_4,brick,create a jinga like game stacking bricks
R_6497Kh9xtoPgBai_pass_brick_5,R_6497Kh9xtoPgBai,pass_brick_5,brick,use a brick as a paper weigh while outdoor newspaper reading to keep other sections from blowing away
R_6497Kh9xtoPgBai_pass_bubble_1,R_6497Kh9xtoPgBai,pass_bubble_1,bubblewrap,window insulation
R_6497Kh9xtoPgBai_pass_bubble_2,R_6497Kh9xtoPgBai,pass_bubble_2,bubblewrap,place it around garden plants to retain moisture and stop weed growth
R_6497Kh9xtoPgBai_pass_bubble_3,R_6497Kh9xtoPgBai,pass_bubble_3,bubblewrap,fun game--two players tape bubble wrap to front of their shirts. You try to pop the other's bubble while protecting your own.
R_6497Kh9xtoPgBai_pass_bubble_4,R_6497Kh9xtoPgBai,pass_bubble_4,bubblewrap,make a bubble wrap stress ball with rubber bands
R_6497Kh9xtoPgBai_pass_bubble_5,R_6497Kh9xtoPgBai,pass_bubble_5,bubblewrap,make a bubble wrap dance floor. Play music and dance trying to pop all the bubbles.
R_8fDtf5HPWBq0lqI_control_frisbee_1,R_8fDtf5HPWBq0lqI,control_frisbee_1,frisbee,planter
R_8fDtf5HPWBq0lqI_control_frisbee_2,R_8fDtf5HPWBq0lqI,control_frisbee_2,frisbee,serving platter
R_8fDtf5HPWBq0lqI_control_frisbee_3,R_8fDtf5HPWBq0lqI,control_frisbee_3,frisbee,hand fan
R_8fDtf5HPWBq0lqI_control_frisbee_4,R_8fDtf5HPWBq0lqI,control_frisbee_4,frisbee,portable dog water bowl
R_8fDtf5HPWBq0lqI_control_frisbee_5,R_8fDtf5HPWBq0lqI,control_frisbee_5,frisbee,bird feeder
R_8fDtf5HPWBq0lqI_control_bubble_1,R_8fDtf5HPWBq0lqI,control_bubble_1,bubblewrap,clothing material
R_8fDtf5HPWBq0lqI_control_bubble_2,R_8fDtf5HPWBq0lqI,control_bubble_2,bubblewrap,alarm system
R_8fDtf5HPWBq0lqI_control_bubble_3,R_8fDtf5HPWBq0lqI,control_bubble_3,bubblewrap,wall paper
R_8fDtf5HPWBq0lqI_control_bubble_4,R_8fDtf5HPWBq0lqI,control_bubble_4,bubblewrap,carpeting
R_8fDtf5HPWBq0lqI_control_bubble_5,R_8fDtf5HPWBq0lqI,control_bubble_5,bubblewrap,area rug
R_8fDtf5HPWBq0lqI_control_brick_1,R_8fDtf5HPWBq0lqI,control_brick_1,brick,paper weight
R_8fDtf5HPWBq0lqI_control_brick_2,R_8fDtf5HPWBq0lqI,control_brick_2,brick,personal defense tool
R_8fDtf5HPWBq0lqI_control_brick_3,R_8fDtf5HPWBq0lqI,control_brick_3,brick,door prop
R_8fDtf5HPWBq0lqI_control_brick_4,R_8fDtf5HPWBq0lqI,control_brick_4,brick,objet d'art
R_8fDtf5HPWBq0lqI_control_brick_5,R_8fDtf5HPWBq0lqI,control_brick_5,brick,nutcracker
R_1eTQlcB7aeNwbgR_pilot_frisbee_1,R_1eTQlcB7aeNwbgR,pilot_frisbee_1,frisbee,dinner plate
R_1eTQlcB7aeNwbgR_pilot_frisbee_2,R_1eTQlcB7aeNwbgR,pilot_frisbee_2,frisbee,bird feeder
R_1eTQlcB7aeNwbgR_pilot_frisbee_3,R_1eTQlcB7aeNwbgR,pilot_frisbee_3,frisbee,dog dish
R_1eTQlcB7aeNwbgR_pilot_frisbee_4,R_1eTQlcB7aeNwbgR,pilot_frisbee_4,frisbee,coaster
R_1eTQlcB7aeNwbgR_pilot_frisbee_5,R_1eTQlcB7aeNwbgR,pilot_frisbee_5,frisbee,hubcap
R_1eTQlcB7aeNwbgR_pilot_brick_1,R_1eTQlcB7aeNwbgR,pilot_brick_1,brick,weapon
R_1eTQlcB7aeNwbgR_pilot_brick_2,R_1eTQlcB7aeNwbgR,pilot_brick_2,brick,door jamb
R_1eTQlcB7aeNwbgR_pilot_brick_3,R_1eTQlcB7aeNwbgR,pilot_brick_3,brick,bookend
R_1eTQlcB7aeNwbgR_pilot_brick_4,R_1eTQlcB7aeNwbgR,pilot_brick_4,brick,window prop
R_1eTQlcB7aeNwbgR_pilot_brick_5,R_1eTQlcB7aeNwbgR,pilot_brick_5,brick,decoration
R_1eTQlcB7aeNwbgR_pilot_bubble_open_1,R_1eTQlcB7aeNwbgR,pilot_bubble_open_1,bubblewrap,gift paper
R_1eTQlcB7aeNwbgR_pilot_bubble_open_2,R_1eTQlcB7aeNwbgR,pilot_bubble_open_2,bubblewrap,toy
R_1eTQlcB7aeNwbgR_pilot_bubble_open_3,R_1eTQlcB7aeNwbgR,pilot_bubble_open_3,bubblewrap,shutter
R_1eTQlcB7aeNwbgR_pilot_bubble_open_4,R_1eTQlcB7aeNwbgR,pilot_bubble_open_4,bubblewrap,jacket stuffing
R_1eTQlcB7aeNwbgR_pilot_bubble_open_5,R_1eTQlcB7aeNwbgR,pilot_bubble_open_5,bubblewrap,cushion
R_1ozr7aukaV3YgMz_pilot_frisbee_1,R_1ozr7aukaV3YgMz,pilot_frisbee_1,frisbee,cat food dish
R_1ozr7aukaV3YgMz_pilot_frisbee_2,R_1ozr7aukaV3YgMz,pilot_frisbee_2,frisbee,large coaster
R_1ozr7aukaV3YgMz_pilot_frisbee_3,R_1ozr7aukaV3YgMz,pilot_frisbee_3,frisbee,plate
R_1ozr7aukaV3YgMz_pilot_frisbee_4,R_1ozr7aukaV3YgMz,pilot_frisbee_4,frisbee,planter for herbs
R_1ozr7aukaV3YgMz_pilot_frisbee_5,R_1ozr7aukaV3YgMz,pilot_frisbee_5,frisbee,chip dish
R_1ozr7aukaV3YgMz_pilot_brick_1,R_1ozr7aukaV3YgMz,pilot_brick_1,brick,paint a picture on it
R_1ozr7aukaV3YgMz_pilot_brick_2,R_1ozr7aukaV3YgMz,pilot_brick_2,brick,weapon
R_1ozr7aukaV3YgMz_pilot_brick_3,R_1ozr7aukaV3YgMz,pilot_brick_3,brick,book ends
R_1ozr7aukaV3YgMz_pilot_brick_4,R_1ozr7aukaV3YgMz,pilot_brick_4,brick,shelf supports
R_1ozr7aukaV3YgMz_pilot_brick_5,R_1ozr7aukaV3YgMz,pilot_brick_5,brick,build a wall
R_1ozr7aukaV3YgMz_pilot_bubble_open_1,R_1ozr7aukaV3YgMz,pilot_bubble_open_1,bubblewrap,stress leaver
R_1ozr7aukaV3YgMz_pilot_bubble_open_2,R_1ozr7aukaV3YgMz,pilot_bubble_open_2,bubblewrap,bubble popping game
R_1ozr7aukaV3YgMz_pilot_bubble_open_3,R_1ozr7aukaV3YgMz,pilot_bubble_open_3,bubblewrap,kids play top
R_1ozr7aukaV3YgMz_pilot_bubble_open_4,R_1ozr7aukaV3YgMz,pilot_bubble_open_4,bubblewrap,paint on it
R_1ozr7aukaV3YgMz_pilot_bubble_open_5,R_1ozr7aukaV3YgMz,pilot_bubble_open_5,bubblewrap,insulation
R_7EE8J7UI3QkahZD_pilot_frisbee_1,R_7EE8J7UI3QkahZD,pilot_frisbee_1,frisbee,play traditional frisbee games
R_7EE8J7UI3QkahZD_pilot_frisbee_2,R_7EE8J7UI3QkahZD,pilot_frisbee_2,frisbee,portable pet food dish
R_7EE8J7UI3QkahZD_pilot_frisbee_3,R_7EE8J7UI3QkahZD,pilot_frisbee_3,frisbee,laundry scoop
R_7EE8J7UI3QkahZD_pilot_frisbee_4,R_7EE8J7UI3QkahZD,pilot_frisbee_4,frisbee,emergency signal mirror
R_7EE8J7UI3QkahZD_pilot_frisbee_5,R_7EE8J7UI3QkahZD,pilot_frisbee_5,frisbee,mini garden planter
R_7EE8J7UI3QkahZD_pilot_brick_1,R_7EE8J7UI3QkahZD,pilot_brick_1,brick,Bookend
R_7EE8J7UI3QkahZD_pilot_brick_2,R_7EE8J7UI3QkahZD,pilot_brick_2,brick,Garden Marker
R_7EE8J7UI3QkahZD_pilot_brick_3,R_7EE8J7UI3QkahZD,pilot_brick_3,brick,Doorstop
R_7EE8J7UI3QkahZD_pilot_brick_4,R_7EE8J7UI3QkahZD,pilot_brick_4,brick,DIY Speaker
R_7EE8J7UI3QkahZD_pilot_brick_5,R_7EE8J7UI3QkahZD,pilot_brick_5,brick,Outdoor Game
R_7EE8J7UI3QkahZD_pilot_bubble_open_1,R_7EE8J7UI3QkahZD,pilot_bubble_open_1,bubblewrap,protective layer when mailing fragile items
R_7EE8J7UI3QkahZD_pilot_bubble_open_2,R_7EE8J7UI3QkahZD,pilot_bubble_open_2,bubblewrap,Create a DIY stress relief toy by popping the bubbles.
R_7EE8J7UI3QkahZD_pilot_bubble_open_3,R_7EE8J7UI3QkahZD,pilot_bubble_open_3,bubblewrap,Use it as cushioning for storage to protect delicate items.
R_7EE8J7UI3QkahZD_pilot_bubble_open_4,R_7EE8J7UI3QkahZD,pilot_bubble_open_4,bubblewrap,Cut it into small pieces and use it as a textured surface for art projects.
R_7EE8J7UI3QkahZD_pilot_bubble_open_5,R_7EE8J7UI3QkahZD,pilot_bubble_open_5,bubblewrap,Wrap it around your feet and slide around on hardwood floors for a fun indoor game.
R_73eCbepstplergl_pass_frisbee_1,R_73eCbepstplergl,pass_frisbee_1,frisbee,use the frisbee as a transportation mechanism to bring my pokemon card from one person to another.
R_73eCbepstplergl_pass_frisbee_2,R_73eCbepstplergl,pass_frisbee_2,frisbee,turning it into a clock by adding number and hands
R_73eCbepstplergl_pass_frisbee_3,R_73eCbepstplergl,pass_frisbee_3,frisbee,use it as a fan for when its hot as hell
R_73eCbepstplergl_pass_frisbee_4,R_73eCbepstplergl,pass_frisbee_4,frisbee,use it as a game of tag so when someone gets hit with the frisbee theyre it
R_73eCbepstplergl_pass_frisbee_5,R_73eCbepstplergl,pass_frisbee_5,frisbee,hang the frisbee off a tree and create a birds nest with it then place seeds inside.
R_73eCbepstplergl_pass_brick_1,R_73eCbepstplergl,pass_brick_1,brick,use a brick to flatten my pokemon cards for grading
R_73eCbepstplergl_pass_brick_2,R_73eCbepstplergl,pass_brick_2,brick,use a brick as steps for a staircase when nothing else is possible.
R_73eCbepstplergl_pass_brick_3,R_73eCbepstplergl,pass_brick_3,brick,"embedding LEDs into a brick so that you can place it somewhere and it will light up with various colors, add in sensor to light up when someone walks on it."
R_73eCbepstplergl_pass_brick_4,R_73eCbepstplergl,pass_brick_4,brick,carving out the insides of a brick to attach tubes inside which will stabilize the tubes and prevent them from bending.
R_73eCbepstplergl_pass_brick_5,R_73eCbepstplergl,pass_brick_5,brick,"sterilize and heat the brick to extreme temperatures, then drop an egg on top to cook the egg"
R_73eCbepstplergl_pass_bubble_1,R_73eCbepstplergl,pass_bubble_1,bubblewrap,using bubble wrap to make sure my pokemon cards are protected from grading.
R_73eCbepstplergl_pass_bubble_2,R_73eCbepstplergl,pass_bubble_2,bubblewrap,"use the plastic that was in the bubble wrap to chemically make grape soda, it's real check NileRed"
R_73eCbepstplergl_pass_bubble_3,R_73eCbepstplergl,pass_bubble_3,bubblewrap,Wrap the bubble wrap around weights to make it more comfortable to pick up
R_73eCbepstplergl_pass_bubble_4,R_73eCbepstplergl,pass_bubble_4,bubblewrap,insulation on windows during winter time to prevent heat escaping.
R_73eCbepstplergl_pass_bubble_5,R_73eCbepstplergl,pass_bubble_5,bubblewrap,place bubble wrap on the walls so that when you are angry and frustrated you can punch the bubble wrap.
R_1tljMdjlRs90OIW_pilot_frisbee_1,R_1tljMdjlRs90OIW,pilot_frisbee_1,frisbee,Use it as a makeshift plate or tray for carrying snacks and drinks at a picnic or outdoor gathering
R_1tljMdjlRs90OIW_pilot_frisbee_2,R_1tljMdjlRs90OIW,pilot_frisbee_2,frisbee,Turn it upside down and use it as a mini table for playing card games or holding small items like keys and sunglasses
R_1tljMdjlRs90OIW_pilot_frisbee_3,R_1tljMdjlRs90OIW,pilot_frisbee_3,frisbee,"Play a game of ""Frisbee golf"" by setting up targets around a park or backyard and trying to hit them with the frisbee"
R_1tljMdjlRs90OIW_pilot_frisbee_4,R_1tljMdjlRs90OIW,pilot_frisbee_4,frisbee,Use it as a canvas for painting or decorating to create unique wall art or a personalized gift
R_1tljMdjlRs90OIW_pilot_frisbee_5,R_1tljMdjlRs90OIW,pilot_frisbee_5,frisbee,Practice your juggling skills by throwing and catching multiple frisbees in the air.
R_1tljMdjlRs90OIW_pilot_brick_1,R_1tljMdjlRs90OIW,pilot_brick_1,brick,DIY Garden Markers
R_1tljMdjlRs90OIW_pilot_brick_2,R_1tljMdjlRs90OIW,pilot_brick_2,brick,Bookends
R_1tljMdjlRs90OIW_pilot_brick_3,R_1tljMdjlRs90OIW,pilot_brick_3,brick,Outdoor Ottoman
R_1tljMdjlRs90OIW_pilot_brick_4,R_1tljMdjlRs90OIW,pilot_brick_4,brick,Weight for Exercise
R_1tljMdjlRs90OIW_pilot_brick_5,R_1tljMdjlRs90OIW,pilot_brick_5,brick,Door Stop
R_1tljMdjlRs90OIW_pilot_bubble_open_1,R_1tljMdjlRs90OIW,pilot_bubble_open_1,bubblewrap,Art project
R_1tljMdjlRs90OIW_pilot_bubble_open_2,R_1tljMdjlRs90OIW,pilot_bubble_open_2,bubblewrap,Stress relief
R_1tljMdjlRs90OIW_pilot_bubble_open_3,R_1tljMdjlRs90OIW,pilot_bubble_open_3,bubblewrap,Insulation
R_1tljMdjlRs90OIW_pilot_bubble_open_4,R_1tljMdjlRs90OIW,pilot_bubble_open_4,bubblewrap,Packing material
R_1tljMdjlRs90OIW_pilot_bubble_open_5,R_1tljMdjlRs90OIW,pilot_bubble_open_5,bubblewrap,Dance floor
R_6JaQ7b7ZPRHeyWt_control_frisbee_1,R_6JaQ7b7ZPRHeyWt,control_frisbee_1,frisbee,use as a plate for food
R_6JaQ7b7ZPRHeyWt_control_frisbee_2,R_6JaQ7b7ZPRHeyWt,control_frisbee_2,frisbee,use as a paint palette
R_6JaQ7b7ZPRHeyWt_control_frisbee_3,R_6JaQ7b7ZPRHeyWt,control_frisbee_3,frisbee,open small holes and use as a plant saucer
R_6JaQ7b7ZPRHeyWt_control_frisbee_4,R_6JaQ7b7ZPRHeyWt,control_frisbee_4,frisbee,use as a shovel
R_6JaQ7b7ZPRHeyWt_control_frisbee_5,R_6JaQ7b7ZPRHeyWt,control_frisbee_5,frisbee,use as a snack tray
R_6JaQ7b7ZPRHeyWt_control_bubble_1,R_6JaQ7b7ZPRHeyWt,control_bubble_1,bubblewrap,tape sheets to make a soft play for kids
R_6JaQ7b7ZPRHeyWt_control_bubble_2,R_6JaQ7b7ZPRHeyWt,control_bubble_2,bubblewrap,lay a shet of bubblr to create a math
R_6JaQ7b7ZPRHeyWt_control_bubble_3,R_6JaQ7b7ZPRHeyWt,control_bubble_3,bubblewrap,use a shet of bubblrd to create a costume
R_6JaQ7b7ZPRHeyWt_control_bubble_4,R_6JaQ7b7ZPRHeyWt,control_bubble_4,bubblewrap,insulate windows
R_6JaQ7b7ZPRHeyWt_control_bubble_5,R_6JaQ7b7ZPRHeyWt,control_bubble_5,bubblewrap,use sheets of bubble to soundproof as room
R_6JaQ7b7ZPRHeyWt_control_brick_1,R_6JaQ7b7ZPRHeyWt,control_brick_1,brick,use to make a bookend
R_6JaQ7b7ZPRHeyWt_control_brick_2,R_6JaQ7b7ZPRHeyWt,control_brick_2,brick,use to create a small castle
R_6JaQ7b7ZPRHeyWt_control_brick_3,R_6JaQ7b7ZPRHeyWt,control_brick_3,brick,create a sofa using only bricks
R_6JaQ7b7ZPRHeyWt_control_brick_4,R_6JaQ7b7ZPRHeyWt,control_brick_4,brick,stack briks to create a pedestal for plants
R_6JaQ7b7ZPRHeyWt_control_brick_5,R_6JaQ7b7ZPRHeyWt,control_brick_5,brick,create a grill using bricks
R_5bPLglkWjL8udqe_pass_frisbee_1,R_5bPLglkWjL8udqe,pass_frisbee_1,frisbee,Frisbee golf
R_5bPLglkWjL8udqe_pass_frisbee_2,R_5bPLglkWjL8udqe,pass_frisbee_2,frisbee,Frisbee tic-tac-toe
R_5bPLglkWjL8udqe_pass_frisbee_3,R_5bPLglkWjL8udqe,pass_frisbee_3,frisbee,Frisbee target practice
R_5bPLglkWjL8udqe_pass_frisbee_4,R_5bPLglkWjL8udqe,pass_frisbee_4,frisbee,Frisbee toss challenge
R_5bPLglkWjL8udqe_pass_frisbee_5,R_5bPLglkWjL8udqe,pass_frisbee_5,frisbee,Frisbee relay race
R_5bPLglkWjL8udqe_pass_brick_1,R_5bPLglkWjL8udqe,pass_brick_1,brick,Garden edging
R_5bPLglkWjL8udqe_pass_brick_2,R_5bPLglkWjL8udqe,pass_brick_2,brick,Bookends
R_5bPLglkWjL8udqe_pass_brick_3,R_5bPLglkWjL8udqe,pass_brick_3,brick,outdoor seating
R_5bPLglkWjL8udqe_pass_brick_4,R_5bPLglkWjL8udqe,pass_brick_4,brick,doorstop
R_5bPLglkWjL8udqe_pass_brick_5,R_5bPLglkWjL8udqe,pass_brick_5,brick,diy planters
R_5bPLglkWjL8udqe_pass_bubble_1,R_5bPLglkWjL8udqe,pass_bubble_1,bubblewrap,Bubble wrap painting
R_5bPLglkWjL8udqe_pass_bubble_2,R_5bPLglkWjL8udqe,pass_bubble_2,bubblewrap,Bubble wrap stress reliever
R_5bPLglkWjL8udqe_pass_bubble_3,R_5bPLglkWjL8udqe,pass_bubble_3,bubblewrap,Bubble wrap insulation
R_5bPLglkWjL8udqe_pass_bubble_4,R_5bPLglkWjL8udqe,pass_bubble_4,bubblewrap,Bubble wrap costume
R_5bPLglkWjL8udqe_pass_bubble_5,R_5bPLglkWjL8udqe,pass_bubble_5,bubblewrap,Bubble wrap plant protector
R_6yDOWJWHezK8icx_control_frisbee_1,R_6yDOWJWHezK8icx,control_frisbee_1,frisbee,water plate for dog at park
R_6yDOWJWHezK8icx_control_frisbee_2,R_6yDOWJWHezK8icx,control_frisbee_2,frisbee,bonk delivery
R_6yDOWJWHezK8icx_control_frisbee_3,R_6yDOWJWHezK8icx,control_frisbee_3,frisbee,ufo footage
R_6yDOWJWHezK8icx_control_frisbee_4,R_6yDOWJWHezK8icx,control_frisbee_4,frisbee,irritate disc golfers
R_6yDOWJWHezK8icx_control_frisbee_5,R_6yDOWJWHezK8icx,control_frisbee_5,frisbee,wall decor
R_6yDOWJWHezK8icx_control_bubble_1,R_6yDOWJWHezK8icx,control_bubble_1,bubblewrap,outfit
R_6yDOWJWHezK8icx_control_bubble_2,R_6yDOWJWHezK8icx,control_bubble_2,bubblewrap,terrible flooring
R_6yDOWJWHezK8icx_control_bubble_3,R_6yDOWJWHezK8icx,control_bubble_3,bubblewrap,wallpaper
R_6yDOWJWHezK8icx_control_bubble_4,R_6yDOWJWHezK8icx,control_bubble_4,bubblewrap,gift wrap
R_6yDOWJWHezK8icx_control_bubble_5,R_6yDOWJWHezK8icx,control_bubble_5,bubblewrap,funeral handout
R_6yDOWJWHezK8icx_control_brick_1,R_6yDOWJWHezK8icx,control_brick_1,brick,dress it up as a friend
R_6yDOWJWHezK8icx_control_brick_2,R_6yDOWJWHezK8icx,control_brick_2,brick,REVENGE
R_6yDOWJWHezK8icx_control_brick_3,R_6yDOWJWHezK8icx,control_brick_3,brick,door stop
R_6yDOWJWHezK8icx_control_brick_4,R_6yDOWJWHezK8icx,control_brick_4,brick,giant lego
R_6yDOWJWHezK8icx_control_brick_5,R_6yDOWJWHezK8icx,control_brick_5,brick,gluten free bread impression
R_7dyV5ZDZ7Vos1jj_pass_frisbee_1,R_7dyV5ZDZ7Vos1jj,pass_frisbee_1,frisbee,Sports
R_7dyV5ZDZ7Vos1jj_pass_frisbee_2,R_7dyV5ZDZ7Vos1jj,pass_frisbee_2,frisbee,Dog toy
R_7dyV5ZDZ7Vos1jj_pass_frisbee_3,R_7dyV5ZDZ7Vos1jj,pass_frisbee_3,frisbee,Plate
R_7dyV5ZDZ7Vos1jj_pass_frisbee_4,R_7dyV5ZDZ7Vos1jj,pass_frisbee_4,frisbee,Disc golf
R_7dyV5ZDZ7Vos1jj_pass_frisbee_5,R_7dyV5ZDZ7Vos1jj,pass_frisbee_5,frisbee,Base for a DIY clock
R_7dyV5ZDZ7Vos1jj_pass_brick_1,R_7dyV5ZDZ7Vos1jj,pass_brick_1,brick,Build a house
R_7dyV5ZDZ7Vos1jj_pass_brick_2,R_7dyV5ZDZ7Vos1jj,pass_brick_2,brick,Doorstop
R_7dyV5ZDZ7Vos1jj_pass_brick_3,R_7dyV5ZDZ7Vos1jj,pass_brick_3,brick,Garden border
R_7dyV5ZDZ7Vos1jj_pass_brick_4,R_7dyV5ZDZ7Vos1jj,pass_brick_4,brick,Candle holder
R_7dyV5ZDZ7Vos1jj_pass_brick_5,R_7dyV5ZDZ7Vos1jj,pass_brick_5,brick,Photo display
R_7dyV5ZDZ7Vos1jj_pass_bubble_1,R_7dyV5ZDZ7Vos1jj,pass_bubble_1,bubblewrap,Ship items
R_7dyV5ZDZ7Vos1jj_pass_bubble_2,R_7dyV5ZDZ7Vos1jj,pass_bubble_2,bubblewrap,Pop them for sensory uses
R_7dyV5ZDZ7Vos1jj_pass_bubble_3,R_7dyV5ZDZ7Vos1jj,pass_bubble_3,bubblewrap,Costumes
R_7dyV5ZDZ7Vos1jj_pass_bubble_4,R_7dyV5ZDZ7Vos1jj,pass_bubble_4,bubblewrap,Insulating plants
R_7dyV5ZDZ7Vos1jj_pass_bubble_5,R_7dyV5ZDZ7Vos1jj,pass_bubble_5,bubblewrap,Create texture in art projects
R_6sSfyaf0EaNqWYx_pass_frisbee_1,R_6sSfyaf0EaNqWYx,pass_frisbee_1,frisbee,Target practice
R_6sSfyaf0EaNqWYx_pass_frisbee_2,R_6sSfyaf0EaNqWYx,pass_frisbee_2,frisbee,Tic-tac-toe
R_6sSfyaf0EaNqWYx_pass_frisbee_3,R_6sSfyaf0EaNqWYx,pass_frisbee_3,frisbee,Frisbee relay race
R_6sSfyaf0EaNqWYx_pass_frisbee_4,R_6sSfyaf0EaNqWYx,pass_frisbee_4,frisbee,Frisbee art
R_6sSfyaf0EaNqWYx_pass_frisbee_5,R_6sSfyaf0EaNqWYx,pass_frisbee_5,frisbee,Frisbee golf
R_6sSfyaf0EaNqWYx_pass_brick_1,R_6sSfyaf0EaNqWYx,pass_brick_1,brick,Brick wall art
R_6sSfyaf0EaNqWYx_pass_brick_2,R_6sSfyaf0EaNqWYx,pass_brick_2,brick,Outdoor kitchen
R_6sSfyaf0EaNqWYx_pass_brick_3,R_6sSfyaf0EaNqWYx,pass_brick_3,brick,Bookends
R_6sSfyaf0EaNqWYx_pass_brick_4,R_6sSfyaf0EaNqWYx,pass_brick_4,brick,Garden edging
R_6sSfyaf0EaNqWYx_pass_brick_5,R_6sSfyaf0EaNqWYx,pass_brick_5,brick,Brick planter box
R_6sSfyaf0EaNqWYx_pass_bubble_1,R_6sSfyaf0EaNqWYx,pass_bubble_1,bubblewrap,Stress relief
R_6sSfyaf0EaNqWYx_pass_bubble_2,R_6sSfyaf0EaNqWYx,pass_bubble_2,bubblewrap,wrapping fragile items
R_6sSfyaf0EaNqWYx_pass_bubble_3,R_6sSfyaf0EaNqWYx,pass_bubble_3,bubblewrap,Insulation
R_6sSfyaf0EaNqWYx_pass_bubble_4,R_6sSfyaf0EaNqWYx,pass_bubble_4,bubblewrap,Bubble wrap painting
R_6sSfyaf0EaNqWYx_pass_bubble_5,R_6sSfyaf0EaNqWYx,pass_bubble_5,bubblewrap,Runway for toy cars
R_6YroXZZWq3A6g7m_control_frisbee_1,R_6YroXZZWq3A6g7m,control_frisbee_1,frisbee,a tray
R_6YroXZZWq3A6g7m_control_frisbee_2,R_6YroXZZWq3A6g7m,control_frisbee_2,frisbee,dog food bowl
R_6YroXZZWq3A6g7m_control_frisbee_3,R_6YroXZZWq3A6g7m,control_frisbee_3,frisbee,make wall art
R_6YroXZZWq3A6g7m_control_frisbee_4,R_6YroXZZWq3A6g7m,control_frisbee_4,frisbee,create a frisbee clock
R_6YroXZZWq3A6g7m_control_frisbee_5,R_6YroXZZWq3A6g7m,control_frisbee_5,frisbee,water bowl for animal
R_6YroXZZWq3A6g7m_control_bubble_1,R_6YroXZZWq3A6g7m,control_bubble_1,bubblewrap,line drawers
R_6YroXZZWq3A6g7m_control_bubble_2,R_6YroXZZWq3A6g7m,control_bubble_2,bubblewrap,have fun and jump on it
R_6YroXZZWq3A6g7m_control_bubble_3,R_6YroXZZWq3A6g7m,control_bubble_3,bubblewrap,use to keep purse shape
R_6YroXZZWq3A6g7m_control_bubble_4,R_6YroXZZWq3A6g7m,control_bubble_4,bubblewrap,put on windows in the winter
R_6YroXZZWq3A6g7m_control_bubble_5,R_6YroXZZWq3A6g7m,control_bubble_5,bubblewrap,use to insulate plants
R_6YroXZZWq3A6g7m_control_brick_1,R_6YroXZZWq3A6g7m,control_brick_1,brick,a paperweight
R_6YroXZZWq3A6g7m_control_brick_2,R_6YroXZZWq3A6g7m,control_brick_2,brick,doorstop
R_6YroXZZWq3A6g7m_control_brick_3,R_6YroXZZWq3A6g7m,control_brick_3,brick,bookend
R_6YroXZZWq3A6g7m_control_brick_4,R_6YroXZZWq3A6g7m,control_brick_4,brick,table elevation
R_6YroXZZWq3A6g7m_control_brick_5,R_6YroXZZWq3A6g7m,control_brick_5,brick,decoration
R_57Cpskt9eGl7eim_control_frisbee_1,R_57Cpskt9eGl7eim,control_frisbee_1,frisbee,place under furniture legs to move easily across floor
R_57Cpskt9eGl7eim_control_frisbee_2,R_57Cpskt9eGl7eim,control_frisbee_2,frisbee,paper plate holder
R_57Cpskt9eGl7eim_control_frisbee_3,R_57Cpskt9eGl7eim,control_frisbee_3,frisbee,coaster for cups
R_57Cpskt9eGl7eim_control_frisbee_4,R_57Cpskt9eGl7eim,control_frisbee_4,frisbee,drain cover
R_57Cpskt9eGl7eim_control_frisbee_5,R_57Cpskt9eGl7eim,control_frisbee_5,frisbee,pet food dish
R_57Cpskt9eGl7eim_control_bubble_1,R_57Cpskt9eGl7eim,control_bubble_1,bubblewrap,Put on windows for insulsulation
R_57Cpskt9eGl7eim_control_bubble_2,R_57Cpskt9eGl7eim,control_bubble_2,bubblewrap,stuff in tall boots in closet so they stand up and don't get all creased up falling over
R_57Cpskt9eGl7eim_control_bubble_3,R_57Cpskt9eGl7eim,control_bubble_3,bubblewrap,Stuff in purses you aren't using so they don't lose their shape and get squashed looking
R_57Cpskt9eGl7eim_control_bubble_4,R_57Cpskt9eGl7eim,control_bubble_4,bubblewrap,let kids play with it cuz it's fun to pop bubbles
R_57Cpskt9eGl7eim_control_bubble_5,R_57Cpskt9eGl7eim,control_bubble_5,bubblewrap,fill in void spaces at the bottom of decorative vases before adding fake flowers
R_57Cpskt9eGl7eim_control_brick_1,R_57Cpskt9eGl7eim,control_brick_1,brick,scratching block for my cat
R_57Cpskt9eGl7eim_control_brick_2,R_57Cpskt9eGl7eim,control_brick_2,brick,hold outdoor umbrella base down
R_57Cpskt9eGl7eim_control_brick_3,R_57Cpskt9eGl7eim,control_brick_3,brick,elevated stand for cats food bowls
R_57Cpskt9eGl7eim_control_brick_4,R_57Cpskt9eGl7eim,control_brick_4,brick,Paint for outdoor decorative pathway
R_57Cpskt9eGl7eim_control_brick_5,R_57Cpskt9eGl7eim,control_brick_5,brick,hold down outdoor tarp covering something
R_79gDLr11hmc636v_pilot_frisbee_1,R_79gDLr11hmc636v,pilot_frisbee_1,frisbee,frisbee golf
R_79gDLr11hmc636v_pilot_frisbee_2,R_79gDLr11hmc636v,pilot_frisbee_2,frisbee,frisbee target practive
R_79gDLr11hmc636v_pilot_frisbee_3,R_79gDLr11hmc636v,pilot_frisbee_3,frisbee,frisbee plate
R_79gDLr11hmc636v_pilot_frisbee_4,R_79gDLr11hmc636v,pilot_frisbee_4,frisbee,ultimate frisbee
R_79gDLr11hmc636v_pilot_frisbee_5,R_79gDLr11hmc636v,pilot_frisbee_5,frisbee,portable dog water bowl
R_79gDLr11hmc636v_pilot_brick_1,R_79gDLr11hmc636v,pilot_brick_1,brick,bookend
R_79gDLr11hmc636v_pilot_brick_2,R_79gDLr11hmc636v,pilot_brick_2,brick,garden marker
R_79gDLr11hmc636v_pilot_brick_3,R_79gDLr11hmc636v,pilot_brick_3,brick,paperweight
R_79gDLr11hmc636v_pilot_brick_4,R_79gDLr11hmc636v,pilot_brick_4,brick,weight
R_79gDLr11hmc636v_pilot_brick_5,R_79gDLr11hmc636v,pilot_brick_5,brick,weapon
R_79gDLr11hmc636v_pilot_bubble_open_1,R_79gDLr11hmc636v,pilot_bubble_open_1,bubblewrap,stress relief
R_79gDLr11hmc636v_pilot_bubble_open_2,R_79gDLr11hmc636v,pilot_bubble_open_2,bubblewrap,insulation
R_79gDLr11hmc636v_pilot_bubble_open_3,R_79gDLr11hmc636v,pilot_bubble_open_3,bubblewrap,packing material
R_79gDLr11hmc636v_pilot_bubble_open_4,R_79gDLr11hmc636v,pilot_bubble_open_4,bubblewrap,outdoor cushion
R_79gDLr11hmc636v_pilot_bubble_open_5,R_79gDLr11hmc636v,pilot_bubble_open_5,bubblewrap,bubble wrap art
R_6NCWvbqWJvhyKpG_pilot_frisbee_1,R_6NCWvbqWJvhyKpG,pilot_frisbee_1,frisbee,scrapping snow off windshield
R_6NCWvbqWJvhyKpG_pilot_frisbee_2,R_6NCWvbqWJvhyKpG,pilot_frisbee_2,frisbee,pick up dog poop
R_6NCWvbqWJvhyKpG_pilot_frisbee_3,R_6NCWvbqWJvhyKpG,pilot_frisbee_3,frisbee,as a fan
R_6NCWvbqWJvhyKpG_pilot_frisbee_4,R_6NCWvbqWJvhyKpG,pilot_frisbee_4,frisbee,use as a plate
R_6NCWvbqWJvhyKpG_pilot_frisbee_5,R_6NCWvbqWJvhyKpG,pilot_frisbee_5,frisbee,as art
R_6NCWvbqWJvhyKpG_pilot_brick_1,R_6NCWvbqWJvhyKpG,pilot_brick_1,brick,landscaping
R_6NCWvbqWJvhyKpG_pilot_brick_2,R_6NCWvbqWJvhyKpG,pilot_brick_2,brick,paperweight
R_6NCWvbqWJvhyKpG_pilot_brick_3,R_6NCWvbqWJvhyKpG,pilot_brick_3,brick,firepit
R_6NCWvbqWJvhyKpG_pilot_brick_4,R_6NCWvbqWJvhyKpG,pilot_brick_4,brick,walkway
R_6NCWvbqWJvhyKpG_pilot_brick_5,R_6NCWvbqWJvhyKpG,pilot_brick_5,brick,planter
R_6NCWvbqWJvhyKpG_pilot_bubble_open_1,R_6NCWvbqWJvhyKpG,pilot_bubble_open_1,bubblewrap,popping bubbles to relieve stress
R_6NCWvbqWJvhyKpG_pilot_bubble_open_2,R_6NCWvbqWJvhyKpG,pilot_bubble_open_2,bubblewrap,for kneeling
R_6NCWvbqWJvhyKpG_pilot_bubble_open_3,R_6NCWvbqWJvhyKpG,pilot_bubble_open_3,bubblewrap,to insulate plants
R_6NCWvbqWJvhyKpG_pilot_bubble_open_4,R_6NCWvbqWJvhyKpG,pilot_bubble_open_4,bubblewrap,for padding
R_6NCWvbqWJvhyKpG_pilot_bubble_open_5,R_6NCWvbqWJvhyKpG,pilot_bubble_open_5,bubblewrap,book divider
R_6v1ESvZwaI2pn7H_control_frisbee_1,R_6v1ESvZwaI2pn7H,control_frisbee_1,frisbee,snack plate
R_6v1ESvZwaI2pn7H_control_frisbee_2,R_6v1ESvZwaI2pn7H,control_frisbee_2,frisbee,place marker for seats in a gym class
R_6v1ESvZwaI2pn7H_control_frisbee_3,R_6v1ESvZwaI2pn7H,control_frisbee_3,frisbee,obstacles to hop over in an obstacle course
R_6v1ESvZwaI2pn7H_control_frisbee_4,R_6v1ESvZwaI2pn7H,control_frisbee_4,frisbee,spiral art base
R_6v1ESvZwaI2pn7H_control_frisbee_5,R_6v1ESvZwaI2pn7H,control_frisbee_5,frisbee,handle free mini-umbrella
R_6v1ESvZwaI2pn7H_control_bubble_1,R_6v1ESvZwaI2pn7H,control_bubble_1,bubblewrap,wall paper
R_6v1ESvZwaI2pn7H_control_bubble_2,R_6v1ESvZwaI2pn7H,control_bubble_2,bubblewrap,gift wrap
R_6v1ESvZwaI2pn7H_control_bubble_3,R_6v1ESvZwaI2pn7H,control_bubble_3,bubblewrap,shawl
R_6v1ESvZwaI2pn7H_control_bubble_4,R_6v1ESvZwaI2pn7H,control_bubble_4,bubblewrap,interactive steering wheel cover
R_6v1ESvZwaI2pn7H_control_bubble_5,R_6v1ESvZwaI2pn7H,control_bubble_5,bubblewrap,sensory toy
R_6v1ESvZwaI2pn7H_control_brick_1,R_6v1ESvZwaI2pn7H,control_brick_1,brick,step stool
R_6v1ESvZwaI2pn7H_control_brick_2,R_6v1ESvZwaI2pn7H,control_brick_2,brick,chair for very small child
R_6v1ESvZwaI2pn7H_control_brick_3,R_6v1ESvZwaI2pn7H,control_brick_3,brick,picnic blanket stabilizer
R_6v1ESvZwaI2pn7H_control_brick_4,R_6v1ESvZwaI2pn7H,control_brick_4,brick,table for Barbie Dolls
R_6v1ESvZwaI2pn7H_control_brick_5,R_6v1ESvZwaI2pn7H,control_brick_5,brick,nutcracker
